order_id,gmv,net_commission_pct,discounting,gross_profit
3771668,11.424146,0.28,0,1.6976899
20762537,54.527077,0.3,0,13.1986
21884423,26.607975,0.33013698,0,-0.61069936
31480677,51.79631,0.3,0,3.0822294
41139612,7.9796076,0.24971752,0,-5.481256
71781296,50.24921,0.25005513,0,14.194327
63490286,50.02263,0.14,0,9.748697
81942318,7.16187,0.3,0,-7.312819
40579928,11.068428,0.21990292,0,-0.077109456
81704132,107.01344,0.23503879,0,16.329876
12500273,26.951904,0.32,-2.759882,8.944451
10493867,22.607445,0.270202,0,0.27950037
31526057,10.786374,0.3,0,0.2889711
61748438,30.786713,0.2800752,0,1.0163388
726937,22.050333,0.3,0,-0.012409193
23431357,9.784919,0.26,-0.74583584,-1.1717694
94366094,40.82093,0.2449848,0,13.142389
82783915,14.112543,0.110106386,0,-1.9974327
44069521,21.183937,0.1901099,0,-3.4320235
80281179,36.342735,0.24993531,-5.30995,0.06023632
60874604,8.254333,0.3,0,-4.8888927
2514969,9.388674,0.3,-2.342339,-1.3652875
91916890,51.19567,0.34989473,0,17.139437
93824836,31.767086,0.2699029,-1.7892526,6.1986237
4245074,21.397163,0.19,-2.5808725,-0.4160815
50928471,13.765142,0.28010753,0,4.007058
74275100,25.425327,0.24985507,-1.906909,3.9508128
4225079,39.74133,0.22987013,-1.0805583,4.0255013
40858449,9.689302,0.23,0,-0.9031552
20075767,16.106855,0.3,0,2.8104453
22469639,18.963997,0.27989024,0,-1.0628155
82067123,8.721086,0.3097561,-1.1320376,-1.2107416
84380922,8.752882,0.2599784,-1.1234877,-0.02023083
91796748,18.774122,0.25,-4.517944,5.794132
32179529,17.094948,0.18016194,0,-2.650888
31293723,15.319347,0.2496732,0,0.24955726
63411236,25.601074,0.26978418,0,2.2591856
41416375,11.119554,0.21977401,0,-3.8269248
70618809,30.842003,0.27995086,0,3.1315517
53358407,7.449524,0.2,-1.806134,-3.4447482
44525302,22.959547,0.16010638,0,-0.81865656
407617,18.748182,0.23006135,-2.7378314,-1.0911441
34553089,31.986858,0.27991968,-1.5946541,1.0959061
10751630,13.436256,0.28,0,-1.6220379
44045801,19.261642,0.23009118,0,5.3459744
34613852,80.689514,0.060009718,-1.6746418,-16.099367
54085807,22.267763,0.22011453,0,4.0805106
64111758,16.999266,0.19011858,0,2.3391876
91806097,36.906902,0.17990655,0,0.4763597
40499897,27.429285,0.3,0,0.89054334
93680417,15.3714905,0.17977528,0,-1.9858854
51016226,7.5236464,0.3,0,-0.6574574
12031160,38.419514,0.21985815,0,0.35007092
73112143,54.171196,0.27990314,-1.1838886,7.7597084
73957852,14.953985,0.27990654,-0.8289933,-0.04413013
74897081,19.469694,0.28,-2.449644,-1.2494156
60366000,28.83017,0.19,-1.2192727,2.0542781
32422096,28.734478,0.2,0,-3.031786
41649848,6.49123,0.27961165,0,4.1174574
32955967,6.88562,0.18984374,-1.0923263,-1.062289
91294930,18.676619,0.28982458,0,2.7335198
72152107,17.262375,0.19017544,-3.4268856,-4.591106
92073522,56.289677,0.3,0,10.36792
81366614,37.737553,0.24992248,0,4.21589
62805110,33.234997,0.3,-2.7924035,8.155217
82387547,16.911785,0.18995215,0,-2.0344732
12073193,27.007252,0.24982457,0,6.7471266
2601672,13.400606,0.3,0,1.0875618
81314425,13.164743,0.2,0,-1.2558439
332600,44.586166,0.17996135,0,0.59851074
22046618,11.389086,0.2,0,-0.793996
52318655,16.286526,0.2,0,-0.032545585
22984978,16.736612,0.2,0,0.011891028
92014863,18.754585,0.100137174,0,-0.5050866
31220385,19.375513,0.28,0,0.87154365
90636757,35.792076,0.32996255,-0.93314636,2.566431
4784396,22.026846,0.3,0,0.8581136
33709926,16.27017,0.18992537,0,-3.4569807
43429460,18.477478,0.17985612,-0.13415647,-0.9886718
21350750,27.857864,0.19,0,1.9170166
41630667,19.173553,0.21981981,0,3.4277906
81074729,33.722275,0.25,-2.719623,0.79344195
42090752,10.151043,0.2,-2.5153608,-1.290277
11364913,31.745514,0.29985857,0,0.31280103
23368384,48.101707,0.27997842,0,12.560875
90308876,7.818576,0.25015292,-3.5217028,-9.694183
32253545,18.933289,0.2,-2.2952242,-3.4312863
24512689,12.415386,0.27971014,-2.2492843,-2.71855
10112806,69.627174,0.25004742,0,12.123787
21328270,51.824673,0.099883854,0,-21.2661
34198390,52.0858,0.18591224,-1.7674217,5.813466
4293164,6.048235,0.25,-1.1822778,-3.611397
51432562,26.094715,0.18593407,0,0.034315128
93128101,48.67274,0.28005248,-1.2558455,7.9550934
82572582,97.295975,0.3,0,16.956436
91280029,21.777378,0.24980237,0,-2.1553552
44059299,31.338266,0.24492307,-3.4319463,-0.35752663
34521160,16.976387,0.2501695,-4.7523265,-2.1188054
42049879,11.625404,0.2,-1.6761122,-0.20566308
4702497,107.16315,0.28000847,0,9.860331
61368811,14.183151,0.22994012,0,1.4809566
20439808,13.040232,0.2701706,0,-0.25916186
90194439,13.151522,0.21,0,-5.375108
74073641,24.322445,0.25,0,6.1660385
63516951,15.96068,0.3,-0.90351087,-0.5182837
74350414,12.154381,0.3,-1.445468,-2.6359649
90230648,52.031036,0.3400703,0,17.079918
50233783,17.922237,0.28016454,-3.2694073,-7.3670225
44209072,8.693483,0.3,0,0.4411975
44002681,23.26104,0.32002383,0,3.962037
50906338,84.14027,0.3,0,13.887654
53671473,20.852608,0.3,-0.74725574,2.8649564
10496175,22.461042,0.2,0,-1.5901971
22647205,27.448418,0.24985129,0,1.5286077
72867716,13.929844,0.26,0,0.19254842
83415050,29.472466,0.2999154,-1.010382,2.484974
21177829,13.339304,0.2,0,-1.8165438
53530970,19.989279,0.29,0,-1.009087
70239509,19.603855,0.27,0,-0.17652027
42618744,30.599367,0.24,0,4.6470385
62147190,14.70179,0.3,0,-1.7712382
92852007,30.918522,0.16,-1.0808413,-0.60212183
83052746,37.14785,0.270027,0,0.6310372
34683887,8.529901,0.23006135,0,-0.4897353
23965295,45.35546,0.3,0,12.237301
72267516,14.229718,0.18608695,0,-2.2211964
62330858,28.419495,0.25024155,-0.7294198,-2.4069347
1101849,20.712244,0.08,0,-0.03396392
40847501,34.00943,0.24016854,0,-1.3491647
81409390,29.26844,0.3,0,4.122695
61294010,25.795128,0.3,0,-0.35692033
53689790,45.75022,0.080092415,-1.1668954,0.37932003
83708584,23.305435,0.3001191,-1.323074,3.6534953
3186415,23.150776,0.28016266,0,1.3407311
41213728,23.279083,0.3,0,5.2530203
53671392,25.838734,0.2199005,0,2.009759
92727327,18.054798,0.26991403,0,1.9164836
21860059,21.663177,0.2,0,-0.66957253
22055670,17.830706,0.30020705,0,1.5148058
93101454,22.210766,0.33013698,0,3.0308294
30578735,20.181955,0.3,0,-0.24601579
14568813,63.819088,0.18003601,-1.3997695,6.023057
81229066,21.783247,0.3,0,1.446656
83208534,17.316313,0.27991265,-4.2064943,-4.1394253
82025701,22.979786,0.2,0,-0.48177132
42969324,25.603916,0.3,0,0.8870808
22618981,13.276591,0.25025642,0,1.6660092
83642050,89.5179,0.32996485,-1.1008198,19.87158
31288876,53.48798,0.28005052,-2.6338627,3.018475
14118191,6.810844,0.05987558,-2.459729,-3.327781
24635491,24.392834,0.2799087,-2.3742597,3.9395657
70267449,10.221924,0.2,0,2.1827579
70306302,94.36499,0.29998744,-4.657453,8.548172
51440479,10.075218,0.2,0,-2.1761477
72699001,16.98241,0.3,-3.564535,3.0837274
71744330,39.859615,0.29995587,0,10.361683
20016502,19.3373,0.10026954,0,-13.195172
21357420,40.957115,0.25004497,0,11.331097
92456713,18.060835,0.2,0,-3.3551998
2928805,8.844255,0.19022222,-1.0262241,0.28528088
52307058,22.512924,0.3,-1.0359794,5.039502
22537210,24.777977,0.17984264,0,-0.2512837
83813285,14.0369835,0.2597835,0,0.07897562
10251777,16.119692,0.17994452,0,0.6843618
40068767,6.6803093,0.22,-1.3240211,-0.6077981
30952923,30.44851,0.2,0,-8.7033825
1302204,14.618,0.24004975,0,-1.5193136
14280110,19.93536,0.3,0,2.292245
40725254,29.463406,0.2,0,-4.5712233
14598596,41.250057,0.3,-1.1110392,11.20046
52609417,28.843147,0.32011795,0,5.03438
91828943,33.980766,0.11005386,0,-0.41111532
50515425,22.762491,0.19,0,0.30741107
63857933,51.964447,0.3,-0.9935333,3.8647203
91182824,59.971905,0.2,0,11.911755
50402365,42.08243,0.2799363,0,4.3088455
427921,24.33871,0.18601997,-1.0972776,-0.74650764
32159992,42.764427,0.30002457,0,9.593161
82626553,40.34666,0.28009593,0,4.9106874
22016582,23.894281,0.28003612,0,0.6650166
13664201,18.96298,0.2,0,1.1144725
10963764,17.36576,0.2699869,0,2.020487
44111665,21.400045,0.3,0,3.8516717
24337621,23.726553,0.29978356,0,0.5106995
81119657,16.14467,0.3,0,-2.2532985
4879551,25.151073,0.3,0,0.4434995
13227636,39.80256,0.35005733,-1.0231352,3.9400542
13273522,15.371166,0.3,-0.8529852,4.879121
82044002,15.573278,0.12526315,0,-0.4219568
31535270,13.802065,0.3,0,-3.325863
83556157,15.529911,0.2801205,-3.563818,8.727887
13220988,24.250572,0.27976483,-1.2233127,-0.122892365
72863500,10.780659,0.1862661,-1.5523407,0.274264
50371972,35.32117,0.22012988,-2.5610027,1.476343
2298485,22.415379,0.24978831,0,3.1729164
11727845,17.499249,0.18591954,0,6.877311
4625420,18.183367,0.3,0,-1.1851939
33494436,10.261704,0.29987684,-0.54837686,-1.0528917
31291276,13.402159,0.24010417,0,-3.7281642
92955192,22.32525,0.19017681,0,1.5577791
60594257,15.408617,0.2,-1.9317281,-0.014071427
81273371,30.67234,0.3,0,1.0144247
74555911,19.03249,0.21973684,0,-3.3224294
94523531,255.10178,0.25,-0.5959487,60.349503
90658104,9.792248,0.26011872,0,-2.5394883
84686526,32.27317,0.29988533,0,5.6167755
64273354,20.794155,0.3,-2.121092,7.7100544
21083396,16.510471,0.2698718,0,-0.38931775
91674997,42.784424,0.3,0,14.175257
12485148,45.86711,0.33,-3.323801,11.302326
42413497,18.092798,0.25,-2.8450484,-0.3598221
41195486,44.86376,0.3,0,8.519648
91876836,17.362955,0.3,0,1.3314153
91701445,16.346605,0.25016373,0,1.1510816
31466859,35.944782,0.3,0,17.392452
40427305,17.75483,0.19031142,-4.3394976,-5.962377
74069668,7.8985186,0.3,0,0.043502223
72968832,21.540092,0.28,-1.0193365,-2.4635103
71107241,14.532347,0.3,-5.7602825,-2.652657
53683635,21.725105,0.28005952,0,9.367195
30350740,21.668316,0.30013105,-0.95159554,5.190427
70279397,9.86735,0.2801282,-2.786942,-2.45574
82746802,22.912186,0.27991265,0,-0.53086066
13683616,43.229515,0.22997199,0,1.7031243
2600317,39.619244,0.28008214,0,6.1078377
40574020,12.448641,0.26013073,-2.8775384,0.42561513
70964975,12.311614,0.3,0,1.3782166
40514616,28.51799,0.18007477,0,2.7079654
31268131,18.888874,0.28012422,0,3.9842784
44360009,48.27623,0.24986738,0,0.5391774
3709089,11.590434,0.3,0,-1.2221212
414151,13.952436,0.22023809,-1.8598886,0.14223659
80686252,13.245266,0.22021277,0,2.940305
11389903,16.667362,0.23992248,0,0.3721544
82929842,13.413079,0.24009009,-2.0982437,-3.6324234
20172269,15.331404,0.1902439,0,-2.0707092
40379859,8.901258,0.2,-1.4603542,1.808192
34896607,22.345112,0.2999656,0,3.527813
42322189,17.68851,0.25,0,-0.6595755
44349030,78.47189,0.3,-14.826992,3.4125576
70427657,52.60762,0.3,0,2.9014316
92166807,23.60778,0.24001718,0,-1.0685066
81937236,17.881542,0.3,0,3.0064235
23161848,35.81093,0.2298305,0,1.6849406
24275184,37.394474,0.24507937,-0.91436774,1.8511258
31112385,10.129052,0.3,0,-3.351223
70947323,59.562595,0.3,0,2.980371
81987820,17.84816,0.3,0,4.130612
1273266,19.408958,0.30013567,0,4.4583445
51723651,22.46803,0.24984802,0,3.0741754
44794030,36.00834,0.26006493,-1.2050784,5.601364
42966604,14.265263,0.22008547,-1.694835,0.12256275
91570747,19.352661,0.3,0,2.3052254
2632028,98.400536,0.2,-2.2009697,13.589329
1799670,12.693991,0.3,0,7.473406
3350718,30.295944,0.3,0,11.674713
3871217,11.478041,0.3,-4.639318,1.4957112
51327450,30.144888,0.2,0,0.3982486
64839498,26.493706,0.25,0,-0.59926623
24277689,24.206331,0.3,0,-0.61207145
31879886,27.489813,0.3,0,2.339504
446450,13.954643,0.22017545,0,1.0962365
93614191,21.829403,0.2,-3.604766,-6.0887136
51703850,20.609554,0.33028573,0,4.730585
93323433,6.4737396,0.3,-1.4313873,-0.17940196
83706668,31.173174,0.3,-0.7585893,1.8834443
73884631,17.714914,0.2,-2.186614,3.5352988
4235296,22.642267,0.3,-1.5925666,-1.2639196
10366549,36.1611,0.24,-0.6606,2.8938231
44885731,15.708605,0.25,-2.271657,0.08224084
40089040,29.26613,0.3,0,-0.50441635
54611837,13.349453,0.24981949,-1.5806311,5.1807775
80341520,17.204016,0.28,0,1.5294757
62402601,16.955603,0.28,0,0.15931451
50581025,14.647076,0.26972476,0,5.0481935
875853,26.596395,0.2800971,-4.19981,1.8174543
80075931,18.350029,0.2902174,0,2.3397493
53577446,13.527205,0.3,0,-2.0262835
63629325,12.3035965,0.25,-0.7911358,3.248084
53283471,54.12937,0.23998615,0,21.270004
13658863,26.249283,0.25985402,0,5.933133
22875447,12.777217,0.23023255,-1.4727359,-1.4068699
10521617,62.83017,0.28008753,-5.932066,1.002024
21599905,17.379347,0.3,0,1.2129325
11550004,12.282774,0.25,0,0.88628376
53589626,12.723154,0.14495413,-0.746383,-0.91179603
50350715,28.207432,0.2,0,-0.687525
90855974,40.41191,0.17989276,0,1.4850787
14705767,22.572708,0.25,-2.3906624,3.2533035
60093984,20.557468,0.33988094,0,1.419403
34387709,29.414057,0.3,0,0.19456765
71558929,18.019907,0.26003414,0,0.6220489
12561468,21.214844,0.28,-1.635645,2.0160801
20856654,12.400025,0.3,0,-0.15113428
13931751,17.100597,0.30018166,-0.627192,2.1063573
62784654,33.650898,0.26,0,2.0785341
701044,32.940872,0.3,0,7.244741
43451531,32.97527,0.23,0,2.414352
70849433,9.4256,0.235,-1.3106427,0.29017296
10464112,49.461823,0.29988882,0,4.0443063
64122632,16.081173,0.30009407,0,2.5362456
22965833,42.797474,0.3,-2.2886317,7.7317305
3838989,6.013405,0.28,-1.0415266,-2.1397681
91924904,25.587002,0.17989199,0,0.42144924
21110720,17.137617,0.25,0,1.9898776
14156290,10.8426075,0.21007194,-0.7335828,-0.07114158
74779180,40.642715,0.17991538,0,1.0049874
40399224,17.43937,0.3,-1.0208478,6.3565264
11798540,12.559853,0.23,0,-3.5098886
22693184,20.133472,0.1448052,0,-0.32743326
52228921,70.091545,0.17994392,0,3.399136
81339814,15.24859,0.2,0,-5.5802407
80466296,17.052776,0.23018017,0,-0.16378814
23151372,23.188004,0.25,-0.55264235,1.5282676
40679366,13.394674,0.3,-3.7548084,0.82180434
41152217,18.59401,0.22,0,-3.3054605
64732996,50.990524,0.26009175,0,5.729954
4796196,29.671692,0.24008097,0,-0.6088246
43956700,64.10072,0.2800736,-2.064136,10.236831
80751890,47.967617,0.0799547,-0.77764654,2.949833
1137898,47.516563,0.3,0,2.8391309
13031113,23.380245,0.3,0,2.3335412
84761156,14.447207,0.19,-0.80621105,2.9659343
33703927,15.941583,0.2,-2.7960038,-2.0384774
82764009,69.34056,0.24006186,0,2.3217688
61436241,7.3896027,0.3,0,0.17018418
91801407,21.583004,0.3,0,-0.23337647
43680952,13.009197,0.23994254,-2.9832406,-1.4801627
41234984,26.707117,0.25,0,-6.9954224
11558383,50.82519,0.3,0,6.7937403
90612147,21.359028,0.30008906,0,7.7096767
83129428,37.01557,0.3,-1.8217167,2.7296116
44143971,21.627724,0.3,0,-0.48869285
82705189,22.314905,0.32977173,0,-3.031654
34564265,8.970215,0.3,0,1.2711813
40773883,17.731216,0.12486486,0,-4.2214613
71054889,15.564117,0.3,0,2.5432746
62418616,33.32148,0.21989664,0,0.13292824
74714930,8.951811,0.28013244,-0.8581785,0.7318646
64488188,78.43453,0.25,0,8.810696
41563025,41.712387,0.28,0,9.770767
64546538,27.412945,0.3,0,4.011476
82951010,15.232796,0.22011173,0,-0.103183344
51395895,14.69746,0.30017975,0,4.553408
92516335,33.225456,0.3,-2.3753026,0.93685544
51930459,19.360283,0.2501695,0,6.899932
83766912,47.170326,0.3,0,5.1388187
41819942,30.942097,0.28,0,5.3561287
11441852,19.522102,0.27021277,0,-0.8198982
24524525,24.458668,0.3,-3.7968042,2.5778587
13908177,20.565624,0.23510392,0,2.01995
64875917,9.588716,0.3,0,1.6411738
2893826,12.053905,0.3,0,2.5730762
40348558,26.93555,0.22997859,0,6.951767
94867108,19.69556,0.2600629,0,7.5593476
42782342,26.117163,0.18585859,0,-6.7871284
31499516,9.614998,0.2997365,0,0.5958096
51358624,14.050464,0.2,0,-1.7086548
32381745,43.985077,0.29996723,-4.997592,10.834207
73754996,13.411288,0.1901031,0,-1.9903183
33499594,57.697987,0.3000398,-1.1966074,17.933962
93927402,75.22117,0.2600671,-4.6095266,2.0012674
42522671,66.66001,0.25010267,0,6.2587614
83547778,17.76854,0.31011236,-4.543493,-19.688911
13608582,17.847567,0.2,-0.88370115,-0.51748264
1687154,35.87201,0.2400722,0,2.1844697
71586641,27.159771,0.23005319,0,14.360344
91321871,15.888611,0.19036144,0,-1.4507334
33457176,19.745743,0.28980032,-2.198507,-0.27795827
52624231,13.628843,0.18583333,-1.2711056,-7.4065876
44878349,14.325288,0.27,-3.0179505,-0.75231814
31106363,23.278986,0.28023255,0,1.4877264
33411031,35.751656,0.2200608,-0.9696802,2.0347643
33889798,7.368202,0.2,-3.0526721,-0.60882694
61945900,24.112968,0.22996254,0,-0.17175058
34797265,6.7039003,0.059336822,-0.5518189,-0.74465466
53662202,19.651941,0.24021164,0,1.5704465
63804223,22.85373,0.3,-1.843122,1.1138623
91112150,22.719666,0.2502994,0,2.0815692
74531303,16.43271,0.28,0,0.9087424
14004880,16.558556,0.24484536,0,1.3721025
31480062,26.357853,0.16020942,0,-2.2470288
90303252,17.73454,0.27004832,0,-0.07001122
441073,51.87629,0.2,0,2.805038
54499315,25.588486,0.27993312,-0.96932924,-0.30223337
42155808,11.219854,0.23018017,0,-1.5613804
60402989,20.288616,0.3,0,0.5902374
91993532,40.26114,0.18005182,-7.2710667,-3.0000486
72462137,11.947582,0.17991632,-2.79512,-5.20297
74817925,22.746927,0.19010417,0,-0.6380255
31945630,17.966175,0.2398773,0,2.2269106
41331495,40.102505,0.28001237,0,10.0055895
21403582,20.73728,0.26007193,0,3.7595973
31117981,12.1432085,0.3,0,-3.3966064
92499190,18.459578,0.09993614,0,-1.968051
12454941,12.4490185,0.2,0,-1.5414753
44217141,35.32906,0.25,0,3.5881326
43012009,19.806189,0.2,-1.3793772,-0.94006866
1529927,33.455814,0.3,0,9.743744
62368085,16.88592,0.18988326,-1.9531255,-16.993011
50725793,25.844757,0.2502242,0,1.2435652
23030345,21.059809,0.27982455,0,5.5065346
34219530,18.671143,0.2497561,-1.7097998,-2.590819
11842803,20.487085,0.24016914,0,1.8628864
70995361,31.150341,0.24982207,-10.079936,-13.553641
50060279,46.70999,0.1899061,0,2.1322236
11213657,17.122013,0.2,0,-0.16296732
51532183,25.769833,0.21019417,0,0.21904969
20706136,16.961788,0.3,0,1.0597409
54795412,48.503044,0.3,0,15.699657
2652081,38.631935,0.29,-3.3051033,0.891962
72844327,9.581058,0.3,-0.9038687,1.7586808
91094530,17.059109,0.3,0,0.14522627
94884791,33.708096,0.2500697,0,10.163599
60548649,21.287842,0.3,0,2.1224127
1719666,11.044829,0.3197411,0,-2.936263
83437410,21.249779,0.17995545,-2.1514604,-3.590603
91642770,11.989418,0.18988764,0,2.2153497
72740346,23.168642,0.3,0,1.1260817
1576927,56.62909,0.2,0,1.3309937
70982506,11.835764,0.2801205,0,0.63514686
10150323,41.02259,0.3,-3.2058058,5.110564
94286155,17.5012,0.3,0,2.3821526
93413593,25.01263,0.32,0,1.1638243
20772363,13.810355,0.24972376,-6.6475916,-18.345015
40455101,18.267431,0.31008065,0,1.6682451
64146126,13.4770565,0.3,-1.011018,0.24533394
21048690,19.125004,0.26012793,0,6.0142064
1319234,32.092705,0.2801205,0,5.9287705
50059408,16.155752,0.27983195,0,0.84535164
50198427,11.572267,0.25979176,0,3.0496216
23260245,26.038094,0.24,0,4.8312464
533205,15.4714775,0.3,0,0.71380913
20623535,13.409406,0.14522293,0,-5.6212783
80234863,22.590038,0.20678899,0,-0.5906648
54703359,32.463783,0.3,0,1.5528452
61999143,18.323515,0.28,0,5.7587733
2731437,80.24663,0.21997187,0,10.29223
42313362,19.348629,0.24982698,0,5.107592
62315395,18.4049,0.2,0,-0.021467453
91730839,24.886429,0.24,0,1.7012947
33189102,31.334915,0.18008049,-1.1802022,2.4062953
93319370,77.51223,0.18001407,0,12.899807
44743305,18.247816,0.3,0,1.0823388
21663975,13.662617,0.260221,0,-2.1844437
14719996,18.826368,0.3,0,9.145178
1175915,14.494192,0.24018691,0,1.0262976
3530260,8.291918,0.23015384,-1.0096769,-0.73545694
84843071,9.159379,0.19014493,-1.2437873,-0.99351794
23665500,5.9574976,0.2496124,-0.8482209,2.2772722
84002083,15.74547,0.24497041,0,0.72425056
83536630,17.868567,0.21979696,0,-1.6914482
80082775,13.6060295,0.3,0,-0.18453707
53969949,40.889378,0.3,-1.3430226,10.296644
21656476,15.840475,0.18983051,0,-3.2907507
62175497,19.002407,0.3,0,-1.8708284
71383959,22.06082,0.1800533,0,0.22113289
1941737,8.44088,0.3,0,5.0155625
22589600,21.16239,0.3,0,-3.0405736
52421495,22.526302,0.28013834,0,2.254156
74249389,15.828667,0.3,-2.1031823,-3.0323262
62856001,87.953896,0.2500366,0,14.11801
21531207,33.630493,0.22992958,0,5.724609
21108252,25.1462,0.27011836,0,1.8434325
70876879,60.344627,0.3,0,17.329302
83917064,17.558746,0.18670887,-2.7836487,-1.0526778
13837670,18.365643,0.319802,-1.1923761,0.2974189
42634816,16.13645,0.25,0,-0.5589207
50939620,23.509373,0.19995686,0,1.4998311
84375645,23.88472,0.3,0,0.38786125
2648052,17.576595,0.27018347,0,0.39716434
44244679,11.501423,0.19021407,-0.6457869,-0.49130654
61929673,21.621983,0.21981132,0,3.0712605
1502734,24.09586,0.3,0,1.6019837
24403657,17.290947,0.27985612,-0.6490412,-1.6476928
74215561,11.190313,0.3,-0.42243326,-0.5812631
30356257,70.137695,0.2,0,0.763106
60004723,24.214005,0.3,0,-1.6041781
31724429,23.158571,0.30002913,0,4.2872753
10782721,12.693466,0.30022198,-0.6521921,1.773943
81130823,7.400838,0.28987426,0,-0.6103395
32850676,16.551529,0.25,0,1.465977
64188831,5.395132,0.2,-1.0466379,-2.4504375
61546182,17.609009,0.20988372,0,-2.1583357
32801851,13.44874,0.3,-1.847468,0.24629521
41952417,50.9958,0.1859545,0,1.9725187
91217380,20.396236,0.3000638,0,3.8202603
73264702,18.821348,0.28,-1.5833786,2.0665421
92567333,14.748948,0.29,-2.6517437,-0.1324252
43719004,11.292255,0.2797546,-2.088578,-1.2004435
71992864,17.21281,0.28025478,0,-2.4596868
73300267,24.288763,0.28980032,-1.1257131,3.5482268
21486468,22.57951,0.3,0,0.066937536
83507880,18.286304,0.2502857,-1.8699663,-0.54236525
10680810,18.893955,0.18604651,0,1.9349408
94714690,18.47362,0.25025126,0,-0.83573747
42366177,23.201607,0.28,-3.2761798,0.23916408
32898714,51.777443,0.26005024,0,2.2008095
14611999,14.137251,0.19007093,-1.3568571,-3.5956607
72072518,15.751575,0.32,0,1.5629532
32838260,31.588936,0.27011493,-0.23649943,2.7902966
31954502,25.842411,0.2300195,-2.828733,-7.165681
31414253,42.404747,0.3,0,2.0588431
62599760,12.111513,0.2,0,0.6961397
90614899,13.915159,0.3,0,1.8483393
83740161,10.968917,0.18992248,-1.7947354,-1.631022
41222246,4.960415,0.2,0,-0.250988
94601651,19.995865,0.25,0,-6.5494523
14795771,27.431505,0.19011629,-1.4564533,1.6826508
80758579,15.484333,0.25,-2.1901362,-0.7464909
44099236,33.209686,0.28005466,0,6.2607865
82889620,13.705648,0.2502242,-1.1867353,-15.38636
30305243,27.944416,0.18995434,0,-0.1970891
62262778,18.053783,0.24974093,-2.4429011,0.2971188
30972767,23.118137,0.26011905,0,0.3130354
63058549,7.6296387,0.3298611,-0.8191645,0.37972364
51055407,131.93631,0.24,0,13.145691
40720859,16.549294,0.24,0,0.19115037
93118243,21.834585,0.24,0,1.7603506
71316281,11.901875,0.0800451,0,-2.660904
262566,16.988358,0.18980892,-10.940794,-17.971231
90590099,9.645411,0.27988827,0,-3.0844052
70560319,9.882874,0.28,-3.7728174,0.6637707
94728762,34.63036,0.3,0,3.19438
72016015,19.480526,0.19005682,-2.6934211,2.2707627
13220281,45.848904,0.32008457,-0.84008193,6.3777256
84144412,19.910372,0.2,0,1.0151256
70203741,29.533123,0.3,0,7.8235483
32572713,53.755405,0.18995434,0,4.43635
32278264,31.633522,0.3,0,6.78383
20217101,23.749746,0.3000577,0,-0.33678204
3977178,35.172466,0.3001388,0,4.664627
83491652,23.129957,0.23015076,0,0.24377766
72612571,36.15495,0.24,0,11.286109
24289126,17.880001,0.32988507,-1.2158055,1.3594583
91712229,17.005949,0.23,0,-1.1365511
22878012,16.882992,0.2,0,0.168629
13191999,17.428568,0.2598086,0,-0.5682748
84847615,42.929153,0.3,-2.3789482,5.2285957
20506034,22.912207,0.26,0,2.3114958
14309996,15.272768,0.3,0,1.8549819
40261188,39.479736,0.30001953,-1.0916035,10.864422
31348286,72.04102,0.22993422,-1.2705418,7.604655
20026862,27.111778,0.25980392,0,-3.8345597
31071899,52.980026,0.3,0,4.3187017
18680,20.563036,0.18012066,0,1.2050095
42891613,11.7379675,0.2,-1.4859675,0.11469212
22378127,15.011029,0.21005291,-1.4293382,1.4200714
4820871,20.04322,0.28,-0.59195334,-1.7833503
82272890,30.94283,0.2,0,3.933548
84670170,29.803478,0.30007794,0,3.7842274
14160921,31.320122,0.21013825,-2.8445916,4.016216
24812856,13.312468,0.2,-1.9074974,-7.10826
4529641,15.288729,0.3,0,0.31599736
33696400,10.197121,0.26981133,-1.5787957,-0.56337655
71725625,49.778038,0.30999896,0,20.325348
60107621,14.431295,0.27974683,0,-0.5363816
14319059,12.620121,0.19006622,0,-3.749597
22410826,15.404082,0.2502857,0,0.05966651
60489299,18.180504,0.18578431,-1.7764783,0.6768952
11229830,14.276802,0.21011905,0,-0.91706276
20052590,15.575804,0.2801205,0,1.0188322
20165803,18.452917,0.25,0,-0.41827717
84407709,9.174426,0.18980892,0,0.14515737
32418867,22.37318,0.3,0,-0.220898
84416080,26.8843,0.2199005,-1.1477404,-0.90842843
53783849,26.591984,0.30013105,0,1.1687342
12477827,35.76566,0.28993136,0,3.0485451
22512795,13.391089,0.24972376,0,-3.3705878
3507527,32.233772,0.2,0,-1.5062139
63818991,18.520372,0.24022989,0,-2.5256288
62255247,11.011693,0.3,0,-1.5341187
61139720,75.43542,0.3,0,14.512304
94756058,22.013248,0.32978722,0,4.3779387
12397715,17.221289,0.19604087,0,-3.1657314
73222939,13.326664,0.35020408,0,4.407178
23887837,7.354248,0.3,-0.64317584,1.0578976
2835448,19.706833,0.22996846,0,4.521299
82131922,20.508387,0.2701706,-1.6581175,-3.1063828
14469998,28.271446,0.3,0,7.9005175
21000875,12.891529,0.2998771,0,14.481026
31966720,9.155207,0.2502994,0,-5.6990566
23025825,173.39056,0.2999608,-1.354589,23.631075
83240971,27.52006,0.3,-2.2021987,9.070499
71160447,17.268211,0.3,0,2.8996842
23105159,22.17373,0.1798175,0,-1.7594719
82286995,23.243584,0.29992944,0,6.7110796
14705465,13.245223,0.18996139,0,-0.41979602
12727026,26.098835,0.3,0,-0.5843764
72361692,17.232365,0.3,0,0.40173572
1011745,34.105938,0.25,0,2.4509442
50176971,18.249702,0.3,0,-0.03670142
83330080,44.484364,0.2800561,0,12.384989
24469,21.78378,0.22,-7.207273,-7.4834385
42748193,17.044518,0.3,0,3.0685072
73911833,10.0758915,0.25037038,-1.2235501,-1.3173829
30474567,10.246113,0.10985222,0,-2.0283148
2334430,8.912572,0.3,-0.92679423,-1.7691648
1636394,36.56397,0.3,0,8.673011
30046176,18.41278,0.25,-0.9220192,1.932466
44671360,21.0552,0.3,0,0.29552108
81916802,21.827341,0.3,0,4.475602
41641058,18.272854,0.3,0,1.6675969
63545932,24.557001,0.110129565,-2.6955833,-5.080697
84067485,36.68206,0.2799479,-1.0837029,4.2726836
72416023,10.698643,0.25978836,0,1.0583017
62025941,30.593689,0.24978903,0,2.1815567
52507123,9.292508,0.19003323,0,0.2986198
24524078,10.101668,0.3,-1.2704277,5.695484
83027720,30.154053,0.22992958,-0.9188077,4.7702904
40160390,12.467974,0.3,0,-5.3933873
41067980,11.843847,0.22974358,0,0.6781423
1330499,25.409597,0.3,0,-1.533455
43770043,31.500034,0.30001715,0,9.718061
91258134,23.68153,0.26994818,0,3.5129771
80917936,12.3707485,0.25,0,0.7747599
51644689,16.152819,0.3,0,0.8956928
24794299,24.276798,0.3,0,5.9487834
11494625,39.456097,0.30015314,0,1.894558
12856306,36.321583,0.3,0,4.873931
14297350,13.447491,0.26,0,0.71772236
2111972,19.319868,0.3,0,0.12530257
12597426,16.19254,0.24966443,-2.1018984,-0.54367757
84490102,61.991783,0.28,0,11.838443
1596398,20.82445,0.28,0,0.60151035
53525863,24.512882,0.19004525,0,-4.5347333
60803304,20.92455,0.3301887,0,2.930931
24632202,12.30761,0.24,-1.8320186,-0.42624548
70526727,28.56215,0.2699005,-2.1163561,2.6302052
967566,33.078285,0.18006536,0,0.087566964
33005350,11.218923,0.3,-0.98366463,0.29787907
62671261,16.366768,0.22967742,0,-1.0164473
12517063,12.59828,0.3,0,-0.07292882
54507899,53.07084,0.3,0,24.964663
60628201,26.19916,0.2999533,-2.5049195,7.6546535
11381108,39.72603,0.3,0,3.8644214
1542380,14.845882,0.3,0,4.8664556
72326895,8.520764,0.23005465,-1.319435,0.07560287
73919645,51.57717,0.2,-3.3197074,6.0596952
23649727,34.36018,0.3,0,-0.1119851
3761812,14.133179,0.28,0,1.557778
92752808,48.31079,0.2501205,0,3.7804005
3799569,24.104778,0.19,-0.3304989,-2.6492455
74004237,8.987259,0.3,-2.3329377,0.3082479
24119795,21.88693,0.24970414,0,0.68355525
11207042,78.137924,0.300034,0,7.6885815
53371403,24.650734,0.25,0,3.450595
11775192,32.598167,0.2501723,0,3.5430098
32511990,13.258555,0.24,0,-4.889271
21138262,15.356628,0.25,0,0.43373322
4429800,13.807911,0.18012685,-1.2994617,1.7583175
1061195,10.155397,0.2598684,0,-1.2121379
60148466,9.474322,0.2,-4.5195765,-1.6321955
91739231,43.059097,0.23003003,0,0.13012807
84658240,13.989746,0.18980892,0,-6.7377462
33065209,41.896187,0.3,0,2.5372858
54109045,8.882866,0.33014354,0,-1.3017673
12931225,43.314484,0.28003952,-6.5504065,4.198214
62354597,27.354088,0.28018868,0,-0.35429043
80387964,28.214409,0.28013664,0,1.4400682
61526585,11.80377,0.24003623,0,0.5204502
32608969,70.58802,0.27997348,-2.475854,14.292891
74686116,116.91579,0.3,0,26.29327
84867637,22.983278,0.27993438,0,0.17871794
13565795,22.623795,0.23989637,-1.2367854,0.70961
23295420,11.596983,0.32982457,0,0.74981725
11876318,14.044281,0.25,0,3.555969
3125796,20.445484,0.22,0,0.5804446
42918244,9.068752,0.18606557,-1.2179846,-1.9913535
22300326,29.91182,0.21017514,0,1.4926444
72579316,11.357282,0.24970414,-2.118682,1.3568916
4454985,9.807959,0.2495379,-1.9204577,0.8639576
94438047,16.541069,0.18984374,-1.0151293,1.0389016
52673076,20.676178,0.3,-0.82203245,0.5115392
81189912,89.13086,0.17996109,0,24.4318
32968049,27.714134,0.25023255,-0.75831926,1.5244117
70462329,28.720055,0.10983763,0,-6.3757496
32541360,45.50592,0.24992932,0,0.74420786
31442019,16.737709,0.25,0,-3.357533
53769492,12.165489,0.28,0,0.09166247
52945450,22.061115,0.28011695,0,-1.5260224
81747932,12.521725,0.20011468,0,-2.7787273
42168667,22.486431,0.3,0,-0.30342117
82819631,14.505821,0.2800813,0,-20.270649
33143346,8.910482,0.3,-0.7285492,0.86443925
33177844,27.075653,0.24011858,0,5.517088
50245356,15.582188,0.3,0,-4.4938526
84420573,22.991858,0.30007917,0,3.265202
83840493,8.325968,0.18004587,0,-3.7069395
53798087,37.95021,0.3,0,8.187979
40162753,23.155195,0.3,0,0.89453936
2994567,73.711914,0.18000366,0,3.8547502
52610859,19.350355,0.23011583,0,0.5194839
52815081,10.639959,0.2,-1.340169,-0.8772383
32727964,28.877226,0.3,-3.2698808,0.9142127
91167321,21.005402,0.28,0,-2.6491952
30537356,15.335766,0.22986111,0,5.50764
43003131,52.940704,0.3,0,4.90701
70248703,13.670811,0.2,-3.4845095,-4.2728367
93887437,15.30949,0.3,0,5.256715
4387201,132.07803,0.2500199,0,27.684711
73955896,12.548357,0.3,0,0.4530239
41205169,9.810337,0.3001126,0,4.612698
90446797,19.89808,0.18013735,0,-2.0831292
94309159,26.973055,0.24,-2.1894498,1.8702888
376687,43.345993,0.23998313,-0.79421306,8.158363
42384745,7.9052143,0.26,-2.0037422,-3.8683984
14395957,35.66674,0.24013157,0,-0.9150147
22724216,52.891617,0.19,-1.258056,20.08155
21434600,46.338707,0.18002363,-13.177357,-10.327704
94255306,21.248423,0.3,-1.8257873,10.48474
10004927,11.228312,0.25,0,4.3513317
90177951,13.681795,0.2,0,-4.7013893
22631993,8.478136,0.2798387,-0.7149463,1.7091415
61003899,43.337593,0.21,0,-2.080874
60756142,20.947372,0.19015385,0,0.88309246
50098328,37.472134,0.25,-1.3075895,1.4099846
72547041,37.175648,0.22994791,-1.894627,-0.42055517
30355191,27.784996,0.3,0,1.135263
93701283,34.797874,0.29992318,0,2.4976857
62602687,24.482796,0.20984456,-0.76328194,0.6844832
80058282,40.97017,0.3,0,7.459501
53345287,20.560646,0.3,-0.67929316,1.5481293
50101793,38.45227,0.3,0,5.928607
60288854,41.4759,0.259887,-1.6098382,2.2866921
10138463,22.504002,0.2300207,0,5.193258
80820288,18.485313,0.24981685,-1.806083,0.75041
30331223,19.235046,0.3,0,0.65836346
52337154,24.21553,0.17990276,0,2.5524678
230028,22.888073,0.2,0,-0.21836466
64333505,14.66547,0.3,0,1.7284067
41976046,48.33972,0.3,0,10.391027
72298834,11.451682,0.3,0,1.9623828
30118624,61.256294,0.28,0,4.8620224
33390907,22.724749,0.2801444,-2.0414896,7.3823504
22904681,24.555626,0.30004895,0,1.047239
64187637,29.089275,0.19014779,0,0.8830451
94163592,47.475464,0.29998544,-1.9472212,18.760887
41952462,41.80111,0.3000833,0,5.3722734
1474961,11.776545,0.3,0,-0.69065213
83892770,14.765783,0.18983957,0,-0.6114826
64605612,13.123926,0.18991597,-0.489689,1.4177136
73669057,43.578613,0.3,0,5.6204777
72612310,41.017025,0.3,0,11.466978
84757381,29.932915,0.32,0,1.1081321
82012180,39.183224,0.1800995,0,0.32750946
44513751,21.927023,0.28,0,1.6466558
30284091,36.402596,0.2201005,0,2.6454957
30981783,20.043592,0.3,-3.9503284,-4.874324
24736099,35.61823,0.3,0,1.8126674
62889278,25.687855,0.21,0,1.0329142
91626303,40.894596,0.29996416,0,20.118406
60987357,16.884724,0.18992043,0,1.4499298
72858113,33.671112,0.3,0,4.5719495
84800845,113.08714,0.110011004,0,7.480409
71120700,11.875998,0.28,0,2.6059747
52093633,15.537962,0.2199095,0,0.35716033
81172343,66.59549,0.249901,0,6.3124256
43875841,25.413643,0.2999499,-1.2687962,3.3019161
32720414,22.50533,0.24016736,0,-0.1068255
60703659,57.11931,0.24995664,0,10.461884
2441387,38.596497,0.28004292,-3.1068149,1.4364644
43892471,16.997093,0.2,0,-2.9553246
31461144,34.435997,0.25016037,0,5.896956
22261225,13.635344,0.25,0,2.1585965
71606245,20.581842,0.24017295,0,1.2028669
34156713,31.84536,0.25,0,3.6505957
20106814,49.35527,0.3,-9.547541,2.4073107
94879623,15.210939,0.3,-1.6138303,1.5114019
1719655,8.663293,0.3,0,-1.4206591
81420199,31.087925,0.25007072,0,5.047821
92540655,9.663154,0.3,0,-2.0289369
62351168,34.878036,0.10007358,0,-2.574735
64462530,42.103172,0.24491018,-1.8441346,1.4428685
92269280,17.955969,0.24025974,0,-0.12563165
30386270,22.148499,0.28004107,0,5.7732787
30559829,41.90899,0.2999227,0,5.4564395
81402964,18.751959,0.2801282,0,-1.3147748
90586696,18.191286,0.3,-8.253366,-1.7565298
23730907,30.272171,0.22988506,0,2.712833
91352462,20.928005,0.2,0,0.46731958
10177419,7.88202,0.22987013,-0.58577704,1.532454
14275938,9.4118595,0.2797282,0,-0.65490735
80207742,36.4374,0.3,0,2.6066525
74867238,12.4470825,0.22013524,-0.7455462,4.3851166
90749707,14.491709,0.3,0,5.7563796
24061386,75.57387,0.2999166,-3.192529,14.497836
83910554,14.830849,0.3,-2.5483134,3.950408
43610453,15.038889,0.2798535,0,-0.08463852
63099346,17.636791,0.3,-0.58206964,2.588912
33559414,31.206585,0.23015267,0,2.4196982
61476231,36.225822,0.28,0,7.210789
64368370,29.347878,0.25,0,10.0067215
63878369,6.991721,0.28,-1.2987568,-0.80854416
84244664,16.849293,0.2801205,-0.67614555,-1.425983
73254928,15.371819,0.2,-0.9240372,-1.4498264
71041128,30.94141,0.33,0,2.5674152
12321921,23.734398,0.28,-0.72065353,5.604185
70816610,12.681722,0.20015278,0,-4.393269
24777310,9.505464,0.23,0,-1.6283995
71465672,28.623684,0.19008097,0,1.7071137
84700351,17.34179,0.2,0,4.8055706
10120565,15.699396,0.2800789,0,-0.72093403
91599456,13.453672,0.2,0,2.8194323
31631875,11.404808,0.2697436,0,2.100415
74879435,26.54864,0.23013699,0,-0.065068394
51803679,8.5258465,0.22,0,1.0002937
11600749,30.836918,0.3,0,3.6988373
83457766,18.080309,0.2,-2.8019304,2.8679998
24190539,13.514565,0.19014373,-0.112661615,1.1328397
41494340,37.212246,0.27991265,0,6.9797935
10787589,9.561472,0.32,0,1.2331327
92930814,10.448133,0.3,0,0.9645624
62731130,9.621972,0.30012077,0,-0.3008089
1234295,47.29998,0.2,0,3.885207
80549020,43.563095,0.2800926,-2.4367867,2.365442
70821729,25.267159,0.33,0,4.821148
14852989,23.246674,0.25,0,0.37990743
84061468,17.852158,0.3,0,14.265372
24044121,25.377863,0.25,0,-1.5836425
22642544,26.492893,0.3,-1.1924477,0.4576829
23022865,23.048578,0.3,0,1.1016045
24832279,20.465855,0.27982062,0,1.8934432
80598784,8.296394,0.18636364,-0.87721944,-1.6888771
91042463,35.319954,0.25,0,0.383273
20460858,25.470825,0.27002585,0,1.9224279
33313517,72.82172,0.2,-1.1537498,14.816526
83912674,22.70562,0.19,0,-1.290188
71917172,8.9976845,0.28026316,0,-0.3867463
72721650,19.883255,0.30024815,0,0.48999748
24448304,19.60796,0.21991526,0,2.1576595
83952062,16.352459,0.10993377,0,-1.5561423
12035626,17.967735,0.3,0,3.2473862
74697350,10.736729,0.2,-3.483533,-2.011731
23681554,22.93749,0.18020834,0,-1.4760091
14282112,10.730083,0.2798913,-1.59571,0.022968585
93204607,31.723576,0.23,0,9.404722
14853894,19.63116,0.25,-1.7543553,8.416216
13628441,31.605251,0.179911,-2.321295,6.7575912
12316643,20.10674,0.3,0,1.2962507
71227624,13.071999,0.17984107,0,-0.6298455
41521860,20.320608,0.2298913,0,1.7091243
53332313,6.0117173,0.18666667,-1.3701451,0.42015868
21146697,39.139618,0.29998243,-0.6854812,2.3441443
1936587,21.660046,0.3,0,0.40044406
1590071,20.516668,0.24011016,0,6.2714868
31452647,34.017544,0.18988195,0,-2.4665453
14375900,13.355646,0.18982036,0,-0.23799987
93021206,26.139593,0.3,-0.7728096,6.594818
12949090,34.979454,0.22006473,0,2.4874747
72134882,20.090397,0.3,0,0.48395336
64007195,37.294228,0.3,0,6.3765893
22242691,11.220012,0.3,0,-3.8647778
82732873,8.229952,0.29968652,0,1.2546765
60284500,24.957533,0.3,-1.8668436,4.189855
42759889,13.344621,0.23018868,0,-2.0328364
84483835,12.272887,0.3,0,2.046843
3696656,14.9349785,0.22015505,0,-2.0720196
84825985,40.085155,0.3,-0.587353,7.2230115
72283549,21.85709,0.19,0,-3.4638553
13810153,19.078007,0.2602094,0,1.3903584
74152894,32.452045,0.100079745,0,-4.4120436
70541641,26.398243,0.25,-1.4980515,-2.4045062
30325656,17.832483,0.2,0,-1.6753374
61353881,13.822208,0.2,0,-0.9882102
80039105,14.897936,0.28010473,0,-1.881339
3689106,19.668388,0.300271,0,0.5556446
44667874,10.360083,0.18979591,-1.124381,-0.80679345
41139577,6.7464457,0.2494382,0,-2.3135211
20520368,18.263657,0.24981132,0,2.192024
81299765,12.246355,0.3,0,1.1175926
23823194,15.327923,0.2798387,0,2.490597
33009401,15.368618,0.35,-2.302038,4.585397
90919112,20.591824,0.28013468,0,3.7262511
70914341,23.023235,0.25,0,-0.7630049
12332116,19.345385,0.28,0,0.5715432
64181109,42.61241,0.18012422,0,3.9110022
43530108,25.022003,0.19004975,-1.8490062,-1.1486427
22307765,47.125145,0.18612717,0,4.321493
41109498,7.3649387,0.25015914,0,0.34986615
30309959,31.412882,0.25,0,0.08312732
33639140,22.299604,0.25,-5.043359,-8.756329
41587383,12.280429,0.3,0,-2.5714717
80113231,24.991516,0.3,0,4.1208816
41482448,27.718191,0.23014355,0,-2.5584564
3032747,11.013643,0.23,-1.2076783,0.88536
13944471,21.888227,0.19010857,-4.410415,-8.940815
42911287,37.021397,0.18987341,-1.1853245,1.0181713
92676273,22.825476,0.2700893,0,1.3650453
10182454,28.61694,0.1860294,0,-0.19404715
30170802,28.337383,0.10997329,0,-0.32951248
40934318,22.000568,0.28010473,0,0.9528481
44683626,21.406746,0.24,0,1.7998633
4259372,38.37778,0.3,0,2.0861742
21620646,24.505066,0.3,0,0.2987172
72762083,20.693037,0.25,0,3.8719578
30889180,66.88727,0.23,0,13.014578
61524380,52.21721,0.3,0,3.2552843
90229579,44.32012,0.30010894,-1.5308479,4.082439
20429123,19.98019,0.3,0,-4.3103013
91764942,37.32717,0.2400722,0,5.5806975
64719305,12.593963,0.25,-1.1031473,0.9344668
60278121,24.830332,0.30009744,0,0.5621627
42617039,15.149054,0.27982455,-1.0349994,-0.9964919
738033,103.8139,0.33001006,0,37.569313
10597357,41.196167,0.2400266,-4.3781343,-5.257555
22024627,20.674889,0.25,0,-1.04034
31334258,39.938103,0.22997032,0,1.921196
42799400,13.327478,0.3,0,3.3465953
73079093,28.848099,0.27992424,0,-0.67567575
13680920,17.474724,0.23993056,0,3.7554379
34232159,37.85592,0.3,-1.1899221,3.5280552
50445977,22.6418,0.24984026,-2.933091,0.8241999
84488680,32.067978,0.22012988,0,1.5437088
11441362,24.161861,0.18988326,0,-5.3415775
33169379,15.740436,0.3,0,-0.05936038
50024002,42.629486,0.18996865,-1.1290798,7.5910835
11561439,94.499016,0.24,0,12.1076975
90852384,24.960571,0.1,0,-1.1818382
52341693,39.468964,0.16006006,0,-0.45360237
31864961,49.743496,0.2501141,0,5.208288
93788267,36.5612,0.28,-1.2068461,3.2172775
64457673,10.6437025,0.2,0,-1.1089252
64561246,17.03506,0.19007634,-2.2047713,-0.30298033
24235425,18.254467,0.3,-3.1962783,-3.9107695
21784279,15.64551,0.22028986,0,4.5517235
73010595,10.835871,0.3,-1.8414463,-0.5884451
12165649,23.746616,0.3,0,0.4533375
62763508,8.891409,0.32,0,-0.9479579
74132475,10.543296,0.2801282,0,-2.3763165
23807157,89.17569,0.25,0,10.733803
64778955,56.082474,0.24996822,0,10.292745
84741960,20.073847,0.21985294,0,2.3913429
32763204,23.929789,0.29,0,1.302545
3203691,21.187778,0.2,0,5.084675
53299925,21.64658,0.3,-1.7695355,0.7261409
1201283,29.99593,0.3,0,3.930026
458077,15.061738,0.36004162,0,3.9004612
84391553,24.455692,0.22986425,0,1.1717713
82310733,22.826782,0.3,0,3.2017426
12593837,21.790386,0.30011454,0,0.14663702
73858114,36.2699,0.29987836,0,3.6184263
22459454,7.0697727,0.3,-2.0883765,-1.6007555
4304588,9.37519,0.24,0,2.3286204
44841292,18.31894,0.17991072,0,-0.6507116
93690879,19.062637,0.3,-1.1127632,1.6999676
93633203,25.046772,0.26,-2.2060733,8.339902
51679238,18.16152,0.3,0,1.1073091
42681237,19.400143,0.109975964,0,2.6379988
50830334,7.964551,0.28972602,0,-4.00481
41253085,13.327595,0.14509805,0,-0.4586686
92521751,19.221994,0.28,0,3.2558036
73031474,8.24171,0.17990495,-2.5358372,-2.8220131
1766901,107.14668,0.23995407,0,12.813036
63976070,19.985144,0.27991566,-1.3033032,0.4656183
90398257,22.852161,0.25025126,0,-0.47843018
73961068,15.992914,0.3,-1.4826518,-0.5117766
4480992,21.894173,0.3,-1.2155615,1.9750104
62033518,14.471827,0.3,0,-1.9283917
14820862,10.497173,0.31979167,0,-4.4019866
12082536,22.002968,0.26988822,0,3.8712168
41180838,40.742218,0.339895,0,2.2148533
3158150,12.851625,0.280226,-2.0058718,-3.749959
42417178,24.508743,0.2,0,0.6073582
21319539,14.770729,0.28,-2.2817905,1.1271931
81666007,11.603206,0.3,0,-8.202711
80296688,36.084114,0.16,0,1.2991532
11200123,15.710239,0.22980769,-6.155644,-2.3897986
42420832,24.311459,0.2198418,0,-3.1068482
72148049,34.28528,0.28,0,8.565212
61838578,14.872568,0.23,0,0.48279506
41976957,19.661947,0.27988166,-3.300774,0.74582696
32748015,28.142132,0.099967115,-4.4403143,-2.7477803
83117541,12.618883,0.3,-1.7989521,-1.9899201
32479973,26.044865,0.28995654,-1.4119028,9.878517
44823816,17.528847,0.22020201,0,-0.8902693
50818763,29.596384,0.3,0,-2.060748
30889737,23.625988,0.17987806,-3.4853392,-5.8748307
80653938,24.921581,0.3,0,1.5119205
71875962,33.324776,0.24,0,1.487851
22734820,33.367493,0.27,-0.91815823,6.1776023
14881765,52.229134,0.3,-2.7998157,21.09156
70083706,10.859892,0.28027287,0,1.3786659
2429000,25.473415,0.26021504,0,-0.8466364
51146614,46.51828,0.3000757,0,6.9230843
94431617,28.957489,0.3,-0.5869668,5.8376255
53834383,46.582783,0.3,-0.90761715,7.770671
20636691,19.539295,0.21992753,0,-2.900811
32829490,29.966303,0.24,-1.0255799,2.0512414
50826277,10.679806,0.3203252,-1.0297331,-0.08774263
12840308,12.918102,0.26007605,0,1.823775
64363596,26.993988,0.24497992,0,0.4634084
31684450,11.3688965,0.33,0,0.8656577
72836505,7.7038345,0.29968253,0,0.23765244
40287534,56.702072,0.24990329,0,5.8993692
40344150,12.433305,0.22974683,-5.891733,-7.169629
60443210,17.489424,0.23,0,0.06559628
33837869,5.4889426,0.2,-0.75016534,-2.683796
82334804,29.506004,0.3,0,9.474384
14176591,31.467571,0.3,-2.292555,6.404321
21260980,17.051386,0.2801105,0,0.21858758
22509273,15.389339,0.22009803,0,2.2599275
3352567,167.1319,0.21000807,-2.466065,8.584117
1734566,108.34523,0.28,0,17.536251
53764792,17.104902,0.18967742,0,-3.6179729
93765966,19.939919,0.2,-2.6542578,3.9029567
60363541,36.190277,0.22986667,0,3.6936128
72015941,33.623398,0.18008363,-2.6505234,2.3785064
91427230,9.479856,0.25032258,0,-4.7296057
34837954,14.506878,0.25,-1.3289148,-0.5982315
571129,17.100227,0.2502085,0,0.36290854
81245967,15.461887,0.21032257,0,-1.9268498
1427988,23.501148,0.3,0,0.9562384
63677327,42.742577,0.28,-1.0548389,4.1723924
81628274,39.75853,0.3001007,0,9.067164
23250508,54.332783,0.33004484,0,4.8837304
33242164,94.17164,0.3,-1.3435864,16.55365
92527010,27.317158,0.18606965,0,1.7392352
24427570,36.853443,0.2,0,9.908253
21996481,15.408774,0.25,0,1.1186476
84452291,9.262222,0.28014705,-0.6800076,0.70909506
81512512,18.62579,0.3,0,0.45238596
40293223,16.083385,0.24020101,0,-2.3103037
73024268,7.3144674,0.17994858,0,-1.7366343
44376012,7.731187,0.29968253,0,-2.775586
94661311,41.497448,0.32006633,0,6.8590746
62440850,6.5520844,0.109615386,0,-4.452333
12551528,12.125221,0.19018868,-1.1787297,0.4240804
64392409,56.560966,0.24501845,0,10.13145
30729370,22.324636,0.3,0,0.56210244
74112402,20.428593,0.3,0,2.6169667
62198159,9.167543,0.28,0,3.1131573
90718443,44.48491,0.2,0,0.28970474
70405738,21.348774,0.3000492,0,6.4936676
1568069,17.737404,0.2601156,0,1.6509328
52754772,20.064384,0.22991803,-4.055026,-1.5536096
41527882,13.304927,0.24981897,0,0.819126
54335821,19.60272,0.3,0,1.1670744
14838653,33.86471,0.2,-1.5234193,3.2870646
44344988,17.160303,0.19,-1.6854081,-0.99631906
158675,114.811356,0.18002091,0,6.2750263
94388968,19.361685,0.06020166,0,-4.5717044
13847753,24.7804,0.26985645,-2.4737055,-2.0829017
41134318,8.110512,0.25,0,1.5701869
30137114,19.743774,0.10988644,0,0.29888782
41955185,41.8979,0.2,0,2.3432734
13095994,67.789375,0.250101,0,6.476585
91132683,18.494978,0.24009901,0,-0.10802639
73868151,18.77139,0.28,0,1.745175
42388204,33.614624,0.3,-1.4204252,5.972261
12496783,29.426174,0.2699869,0,1.5333462
325743,13.845791,0.33,0,-1.2680402
61245690,22.97981,0.2,0,0.14375724
50918537,13.278222,0.18620689,0,-1.2687347
33361321,21.021559,0.25015292,0,0.5700238
74663456,22.338818,0.3,-2.0467856,0.1108975
90697034,17.791115,0.19013698,-1.9327378,0.4019205
11319251,26.34751,0.2999051,0,4.4152884
10427648,59.2076,0.3000407,0,8.065123
51141661,31.890087,0.30015433,0,-0.5112366
51656542,23.221752,0.3,0,6.31028
44809518,24.69046,0.27994987,0,7.165148
21210751,15.622395,0.3,0,0.011380671
92833345,29.447964,0.2,0,4.20273
21930233,18.215742,0.3,0,2.0083437
50779371,14.942253,0.3,0,1.287605
83505722,16.633045,0.3,0,4.9706826
74522625,8.825069,0.22027972,-2.883961,0.8233514
93460478,14.6942,0.18578431,-1.6251817,-2.4290576
50839538,35.08764,0.12492212,0,-3.213798
22011551,7.949362,0.2797546,0,-4.006624
30427938,45.13895,0.3,-4.3148246,-4.3509583
80192598,9.896607,0.28,0,-2.2005374
40934591,18.263943,0.2,0,-1.983185
2259629,18.361568,0.32987013,0,5.6763544
51682077,11.041527,0.27993613,0,0.97050667
42516127,16.381378,0.32982457,-2.251072,-2.8678021
23772487,12.139541,0.3,-0.732808,-1.6377726
2875615,11.0777,0.3,0,-2.0977666
74894558,16.875668,0.18978103,-1.0022422,-3.6992168
42353556,51.7191,0.3,0,6.386717
60366063,22.42047,0.3,0,2.0689907
12174125,49.015274,0.3,-4.032579,6.058569
50213824,22.742718,0.18717949,-4.763672,-2.2553177
51195275,116.41377,0.27002817,0,17.4213
54673371,26.890623,0.3,-2.9030445,-0.024605948
60953048,16.629818,0.28008848,0,-0.3375895
24877957,22.295805,0.22010583,-1.0501629,-2.8220294
84849595,72.9834,0.26993084,0,10.276771
83029337,27.906292,0.29015747,-0.6684889,3.035338
32501206,11.334047,0.3,-2.6222663,-1.4471173
54807881,20.439392,0.3,0,1.2753499
30254276,15.41488,0.26982757,0,1.6958259
93737296,36.538124,0.1898917,-0.6517069,1.3129379
34706844,26.792913,0.18995215,0,0.9721353
40717183,25.00261,0.2299639,0,2.529284
31802649,19.176998,0.22980769,0,2.6458917
90166417,56.656876,0.2499179,-1.7281137,7.0545774
70909174,21.274418,0.25977653,0,-4.279971
81613859,39.090446,0.28,0,9.982066
33330943,110.80725,0.090023346,0,10.365002
31034768,18.835127,0.24976076,-1.117623,-10.555484
23813491,13.924756,0.27986112,-1.6757703,-3.9224532
52664806,31.730953,0.18998384,-0.62557817,4.2870092
53167260,27.480577,0.28004956,-0.6474993,2.2052963
2044283,12.803324,0.17984189,0,-4.518575
64177953,29.576527,0.2699869,-2.273471,7.720125
92498232,34.566685,0.25,-2.4204977,3.1731052
12203544,32.767303,0.186,0,3.726649
63685637,17.024246,0.18997493,0,2.684245
84784289,20.385529,0.260199,0,1.4580221
83045599,26.440361,0.2698043,-2.2916498,1.0089679
81064774,12.744315,0.2,-3.2185097,-3.8188884
93106039,19.189285,0.18707865,0,-3.3894145
61680504,26.455364,0.17992905,0,-1.5591456
34563644,10.961399,0.18971963,-0.82705736,-1.5818794
43059740,22.97739,0.18978979,0,-0.2170975
34533099,27.90683,0.21990292,-2.1748502,-2.6744883
3677216,9.032736,0.2,-0.982772,0.24096629
33105841,28.954176,0.3,0,4.8883553
20900041,8.985255,0.2501292,0,0.48938125
54840955,37.50319,0.19005145,-0.4063294,1.9387726
62663975,65.9982,0.26,-1.1922715,10.012129
11394887,37.085438,0.3000417,0,9.870905
32483159,13.669168,0.31991342,0,1.332074
91307928,33.65255,0.3,0,19.130474
44652893,28.367256,0.24489209,0,2.8768284
90934724,8.165834,0.25,0,-4.2685246
24333026,18.911818,0.24533333,-0.92214537,1.1200466
23213644,55.15513,0.25997603,-0.24734032,11.98459
91025818,32.92915,0.25,0,-0.87896883
21437961,13.294644,0.3,0,3.800429
51510118,35.25107,0.25,0,4.2679014
32435664,22.41774,0.3,-0.7107675,0.6723559
41704947,9.717421,0.24,0,-3.3980103
53839087,108.04713,0.2799779,0,11.783914
41618968,9.213633,0.3,0,0.48975724
82108321,31.103062,0.3,0,5.7433214
64886110,40.663475,0.2699115,0,-0.34586608
90455297,10.385231,0.2199005,-2.0968971,0.08784366
10825718,17.203917,0.3,0,-0.4516014
91679518,141.7269,0.28001115,0,27.209991
20492089,28.372982,0.3,0,1.9684458
12388893,14.079177,0.2,0,-0.3676061
50537133,42.434364,0.29993966,0,5.5242953
90918832,12.735708,0.2,0,-3.541047
21422086,17.9829,0.26006314,-2.9636688,0.71437687
94113109,72.35698,0.27003634,0,10.481191
94123760,38.9807,0.25,0,5.326584
42420819,37.721928,0.34984127,-1.9588097,2.5884948
3653277,24.551048,0.29,-3.7001524,6.559606
21633177,14.061438,0.3,0,5.1303444
3210935,18.120537,0.3,0,5.0417986
42803368,18.677172,0.24969697,0,-0.04223117
20165306,29.482826,0.21000332,-0.18688218,2.1469076
70575121,40.063976,0.27988338,0,7.0155783
31276312,19.832485,0.22012988,0,-4.4301634
72458777,17.61216,0.25,0,-1.9158547
93130716,77.411835,0.3,0,17.769943
71818291,62.082184,0.09991312,0,-0.96680963
34031759,29.736649,0.25993884,0,1.4248012
90608174,19.261295,0.22,-5.8753285,-1.870859
64460475,10.071294,0.25,0,2.0840797
31083679,22.126719,0.29997188,0,11.015884
83794009,18.738026,0.27991968,0,4.0542917
84631684,21.281654,0.2,0,1.1591258
34031454,22.883575,0.26,-1.7459311,3.1824512
92529291,26.986914,0.25,-2.916994,-0.9470102
12271700,19.241877,0.28010204,0,1.0439402
32577003,13.296235,0.2200957,0,1.9664922
60292328,24.924557,0.1800643,0,-0.5233191
34571089,8.999758,0.18,0,-0.37197852
52206904,9.3031845,0.1797619,0,-2.4332466
71918912,33.72383,0.30007446,0,-1.3409467
83915579,56.34487,0.18000752,0,5.337538
32111751,26.463203,0.2,0,3.3509755
91414611,30.124168,0.189823,0,-5.694146
3205208,33.143623,0.33000588,-1.2400168,5.2342577
82756848,15.031125,0.30022076,0,-0.6823335
4231681,10.107796,0.25045046,-0.84738696,-1.5759454
93666831,16.592173,0.23024692,-1.1155225,-0.4249682
94486279,37.407825,0.2,0,1.6364948
74606669,14.544254,0.2598278,0,0.4500543
74395819,47.116817,0.25,0,2.651328
10454898,22.368166,0.2800643,0,3.243196
92488001,11.800013,0.18,-2.9444516,-0.603052
40724838,23.911655,0.27979,0,-0.51925594
90988668,21.394209,0.32008368,0,1.5242977
30496128,20.2854,0.2,0,0.09585287
989666,17.735577,0.24966443,0,-2.4542418
2869245,26.047539,0.3,0,3.0966697
41168048,42.031937,0.27993828,-0.6580373,1.3968961
54334677,69.27464,0.27993196,0,9.513596
31958299,17.576931,0.18990384,0,4.2349234
1901293,12.495177,0.23012552,0,1.2357326
51325318,16.371887,0.28017718,0,8.678821
74506232,42.89569,0.25006622,-7.101988,-1.1304705
40530752,72.86726,0.23001745,0,7.220312
20295110,22.555153,0.24973544,-1.3534832,-4.3567195
82823700,28.97955,0.2502092,0,0.6159601
40932099,22.575222,0.3,0,2.3967464
72353217,36.07854,0.19621749,0,2.7568655
13196878,16.061539,0.25,0,-1.7747452
94715562,8.905499,0.2798913,0,-1.046284
81489403,23.401634,0.23010205,0,2.260251
82963170,11.9939995,0.2,0,0.627455
3808812,47.78024,0.25,-1.8048716,14.539801
94184531,44.051117,0.19005275,0,4.394791
34414719,8.354146,0.18965517,0,-2.9854798
13520317,15.091545,0.18997051,-3.525312,-4.168829
62188358,13.704178,0.29969418,0,-2.6757703
61567330,40.431107,0.24,0,1.0511537
32018097,21.500275,0.1251497,0,-0.57646257
248663,16.787825,0.26,0,-0.8801413
93798035,124.158714,0.32,-1.2100978,29.130394
11274201,10.735389,0.14475138,0,-8.028647
70831428,30.853512,0.3,-24.260908,-37.54072
14444805,13.550467,0.1904,-3.547234,-7.0405297
23866675,47.931606,0.2999252,-0.5486606,6.1111236
51891786,14.475929,0.2302817,0,1.6857136
1320138,13.093557,0.25,0,4.419956
34339960,12.0442915,0.3,-0.73349726,1.6742932
20067221,70.28107,0.2,-5.3128333,2.513399
14828062,24.237926,0.23992674,-1.7814558,1.5144979
34331235,26.26596,0.28016877,0,5.225513
32827083,44.215603,0.079913996,-0.6761481,-0.6449599
14263476,20.447445,0.280083,-0.8470415,0.68023276
1933268,21.096542,0.33,0,-5.8830457
24013145,23.392178,0.20016077,0,4.1038713
1201518,44.853397,0.14497608,0,2.121207
254234,12.145388,0.33037037,0,0.9906261
61005728,9.588542,0.200542,0,-5.678061
22305402,36.042625,0.17992213,-8.575652,-4.516905
24316328,9.424765,0.26011905,-0.6281796,-0.1543198
34877252,28.646135,0.2801061,-1.7917646,8.092728
94127862,16.35836,0.28018576,0,0.86210763
62749707,14.879387,0.28007662,0,3.053134
24118516,27.98251,0.35,-4.5565906,8.262439
12979262,15.142748,0.22967742,-0.9098247,-10.258477
153869,24.35263,0.28,-8.030378,-2.1866465
20946448,21.488052,0.3,0,-2.799899
41429103,17.765045,0.28,0,-4.6161385
91271952,30.165482,0.15986842,0,-0.3700616
10514803,21.3598,0.21005155,0,2.0622015
14218405,10.612402,0.2801444,0,-4.044107
83138819,20.66917,0.25032258,0,-0.97085476
74763572,11.49947,0.3,-1.306682,2.0160198
71717231,21.886164,0.24001597,0,1.2188722
50012927,28.480888,0.099943325,0,1.9678257
80367449,6.5736623,0.3,-7.089679,-6.1511106
71887707,28.446465,0.24,0,1.7661824
13853552,29.386944,0.17993827,0,-2.233389
33331453,16.448647,0.28,0,-1.4268905
40862642,13.27099,0.25,0,-1.2241869
31805359,18.07523,0.2,0,-0.10225576
72842807,60.03256,0.23,-1.7977917,7.7107506
3306488,13.515595,0.3,-3.2853005,2.282566
84660430,17.942816,0.3,0,-0.37646568
52579975,21.92347,0.2,0,4.096798
51816072,28.020016,0.27,0,-0.030054562
92790638,30.55846,0.25,0,10.68589
44869776,31.489647,0.2,0,1.744283
71333501,14.214841,0.26024097,0,3.0250392
73395806,29.709923,0.2498615,0,1.4357208
30947719,22.676056,0.27992278,0,-0.17084542
20485117,17.387503,0.3,0,1.1107943
11846912,42.020523,0.18997575,0,5.4472346
41815054,16.191216,0.3,0,5.0427465
43884688,26.420311,0.2,0,0.66431963
22514335,20.880817,0.23993056,0,-8.487674
50613133,18.190624,0.28020304,0,1.067483
11873283,9.191975,0.3,0,1.9419582
63549229,59.94796,0.2400641,0,14.596319
2756304,37.555267,0.25,-2.3280287,4.64992
3056025,18.584185,0.27985248,0,0.9741162
61700252,15.225695,0.27012986,0,0.79156494
22273812,31.91411,0.26,0,4.753785
34627816,32.87815,0.2698535,-1.0154262,2.8173225
20966884,6.640038,0.200542,0,-3.8590016
61400697,10.732441,0.18048781,0,-14.265987
1455241,68.22136,0.25,0,10.817389
93004032,9.6805315,0.25,-0.72288024,-0.3796286
44239491,30.605507,0.09988818,0,-3.8285089
3237512,18.0612,0.19013157,0,-3.1454086
64021222,52.7044,0.18604119,-2.962994,4.484492
2756155,38.819496,0.25,0,5.4670935
21451467,67.85458,0.2500491,0,17.074419
3406391,18.437895,0.19012345,0,0.89381623
24266698,7.7792916,0.29,0,-1.49931
94523383,19.945412,0.3,0,0.35375816
64509258,22.726797,0.25,-1.4558697,-0.6045611
51797680,29.352295,0.26010102,0,10.2658
33492590,17.467285,0.18989898,0,-2.161722
12407884,49.130295,0.21989529,0,5.7592754
92897287,15.452566,0.2801444,0,4.221976
20123101,33.251995,0.28006756,-6.581184,2.0816984
13603609,69.00784,0.3,0,12.656473
41166867,18.558662,0.24,0,-0.005027339
63708102,10.369452,0.18993288,-0.20117882,-1.4897596
83106533,17.93672,0.1099675,0,-0.58608216
81057709,20.407866,0.25,0,0.3154622
4834233,10.351601,0.28020832,0,3.1687024
81538663,10.415693,0.25,0,-9.76231
51549579,14.713128,0.25023696,0,-0.83675635
23049471,29.072723,0.28009424,-1.3896664,4.921438
3595036,12.027228,0.2,0,-3.6231344
50250678,23.238323,0.23988764,0,-0.28709435
41121985,20.231806,0.3,0,1.5407562
40447608,45.779278,0.17997465,0,5.3324385
12031036,41.63971,0.23009118,-2.218678,0.17393118
33544868,16.770872,0.3,-1.5714433,-1.6384853
21265661,133.35948,0.2,0,9.273995
2935087,21.736935,0.18014705,0,-0.22901216
90996060,9.089168,0.3,0,-3.9521184
61603819,21.718292,0.3,0,-2.5474792
81729937,19.908722,0.22990195,0,1.4236178
70675277,35.80443,0.24008621,0,5.895917
54136392,34.705254,0.18012866,0,0.8076891
13402516,12.675789,0.25,0,2.3560033
41724488,29.987999,0.3,0,3.3326283
21019207,8.329888,0.3,0,-3.3099084
41526492,24.693987,0.29013854,0,2.6275544
11017799,9.4045725,0.3,0,-1.0333301
12577188,9.676081,0.3,-0.42628777,2.1100602
31299505,10.176008,0.2,0,0.5097222
51135632,34.90006,0.18605389,0,2.8613486
33498009,71.541336,0.3,0,8.399975
14288041,28.155521,0.28,0,2.3556898
22549341,19.053574,0.2,0,-1.2910407
91348576,55.373528,0.18601838,0,1.3334284
60106694,86.989525,0.279972,0,8.476702
2232630,29.64875,0.3,-1.0778129,7.462874
62000758,17.518845,0.3,0,0.28167254
61523087,21.304768,0.2,0,2.4989834
51385151,68.10253,0.25,0,5.594392
50635960,55.439175,0.28010193,-7.161308,2.2768755
44506597,33.00558,0.27986112,0,-1.1448358
60183315,22.30772,0.25,-3.798637,2.907983
81248868,28.051487,0.25,0,4.2122087
50584070,34.268826,0.27991968,-0.48224837,4.560129
40104409,10.952377,0.3,0,2.059887
23334731,21.289646,0.19989748,0,1.84937
50206632,43.941025,0.36001173,0,11.586134
52342488,19.829433,0.18987341,0,-3.0651574
3401488,25.35138,0.3,0,5.2702036
42400840,19.167086,0.2799087,0,-0.7644299
64771997,41.646122,0.30005214,0,9.369108
43821163,18.047522,0.2,0,-0.6098802
80048852,10.569859,0.24012345,0,-0.20078844
70158708,102.427414,0.27994618,0,7.269308
60706295,10.8944,0.33,-0.9814019,2.02157
50130610,58.36991,0.29997268,0,20.687151
83425774,68.343666,0.3,0,18.189667
21758663,35.167732,0.28,0,3.671834
52522918,36.49196,0.27987805,-1.2503645,2.8117008
81585965,5.683173,0.10989011,0,3.1048958
11337804,30.521164,0.29979798,0,2.6370673
10953902,9.329536,0.3,0,0.43314868
10938941,15.622458,0.3,0,-10.5959215
54370765,45.420418,0.19,0,3.1387405
63965956,35.302982,0.18008085,0,-2.6589143
42161036,23.027243,0.2299517,0,1.8076525
60081634,16.096746,0.18020834,0,-0.19685505
20945731,16.42903,0.24,0,-1.8154659
31844902,49.041656,0.310101,0,3.8034503
81389874,19.453316,0.23003802,0,1.3943758
93183825,7.335208,0.24025974,0,-0.5811229
81362333,20.272375,0.18008475,0,0.33179754
90325154,15.074678,0.27013576,0,0.6159806
13147745,18.686586,0.18997215,0,-0.94488144
94710433,14.127346,0.2,0,-2.2694066
61310796,8.750989,0.2702381,0,-1.119517
41762031,23.813015,0.32,0,-0.18607369
3381228,17.308964,0.30007616,-3.2923586,3.1769521
80728419,35.3736,0.2,0,-0.4129408
62886812,16.763107,0.3,0,0.8690903
50030802,26.476072,0.32011968,0,2.2368903
60051590,29.578201,0.11,-6.0259566,-11.544412
43843174,107.04088,0.2299876,-1.1218711,9.928912
24596090,26.484173,0.1998624,-1.0239806,2.9346633
92560900,46.71604,0.07994723,-0.51023,2.3307707
14021218,25.988781,0.27995443,0,6.4541063
20179794,11.30673,0.12481433,0,-8.345516
30295553,11.126781,0.28,-0.5128628,-0.4781233
84639006,12.75569,0.3,-1.5865963,0.96628046
72562107,9.538385,0.3,0,-0.76400816
53730901,38.06557,0.19995537,0,3.152523
4130697,22.798946,0.2802476,0,-0.15374956
20288396,11.5064,0.27988505,0,-0.32123366
32604329,13.468874,0.2,0,0.5175686
3146328,18.26376,0.3,-1.8981531,0.06151011
20267781,13.861387,0.3,0,1.6124935
83130965,40.781303,0.3,0,4.176754
83550221,19.208551,0.26024097,-0.40594327,1.7596722
60906292,6.4548798,0.3,0,-1.2951368
80132073,16.88042,0.3,0,-0.9080742
70075403,24.063303,0.17985843,0,0.75428176
23983414,15.88221,0.3,0,2.7669442
91562395,13.700337,0.3,0,2.697157
24483019,14.831232,0.28015873,-2.1705027,-3.4247494
60305029,18.940243,0.2801805,0,2.057306
44717994,56.02957,0.18593894,0,7.171171
13079719,19.799902,0.3,0,-4.7401166
71032597,15.61792,0.22,-3.4750335,-6.860366
11255767,158.47618,0.25,0,16.76261
73753374,207.34337,0.30002415,0,38.390186
63022598,8.952471,0.25,0,-1.3199514
53588010,6.2568226,0.18612245,-2.3744063,-0.2336808
91950497,15.43807,0.28,0,0.70382714
81762458,21.452343,0.3,0,-0.09459862
31638985,18.070026,0.17992958,0,0.9248357
82254781,19.60441,0.3,0,2.4611776
23673913,13.329678,0.3,0,1.1475656
61300718,29.429737,0.3,0,1.053222
54532153,46.61924,0.3,-0.8019873,11.109431
2684454,33.933624,0.3,-3.600165,-0.8898759
94071341,20.166609,0.22,0,-1.4117148
62662768,8.304346,0.3,-2.1525903,1.9027038
83123359,19.299297,0.1601156,0,-3.0024338
42413275,22.273205,0.28,0,-1.5067043
43185027,13.237293,0.260221,0,0.28678948
44663301,14.562937,0.3,-3.78626,-7.4791718
12519717,36.00422,0.18587641,0,6.1070747
51732063,26.376646,0.30007794,0,2.5190299
64416043,28.542446,0.2600939,-1.2550145,1.1214468
14723607,21.126484,0.28,-3.5359988,-7.588502
53702261,71.858536,0.07990996,-2.0500603,-1.0135094
84543673,19.95323,0.19027027,-0.5634841,0.1162572
90860858,19.840887,0.26,-5.2428026,-2.2882376
90850205,9.948465,0.32977098,-1.5202371,-4.3623257
51583013,19.34539,0.17984189,0,-0.540043
30543927,8.368244,0.19029126,0,1.1221873
61579996,10.214151,0.18592678,0,-3.37891
30511022,21.525707,0.3,0,4.379641
34504933,24.914204,0.19013283,0,-1.3804448
42671992,27.680325,0.2,0,1.4143631
60555853,22.616262,0.21003717,0,0.068647265
81534433,21.908623,0.17976257,0,0.15427345
3888776,33.08603,0.2898113,0,3.4638047
2723130,17.988222,0.24984424,-1.7353964,1.6289258
50195020,24.621294,0.3,-5.136617,-0.65567684
21701350,8.930776,0.29969788,0,-1.0370469
64800938,21.580864,0.26007327,0,4.0914226
53010873,22.155714,0.25,-0.96370256,2.1636286
10635251,13.749968,0.18971062,0,-2.007184
2571934,20.234303,0.18996416,0,3.9280329
83073546,11.770582,0.3,-1.4319621,-0.023173006
41118437,77.75906,0.18002959,0,7.332929
54638393,19.978403,0.2,0,0.9857227
72705544,15.3224,0.3,0,0.03316458
30651108,18.914328,0.25,-1.817363,0.20790532
3424984,23.857067,0.19027027,0,-1.6157906
3910629,10.790278,0.26,0,0.7821783
40919541,7.334059,0.2,0,-5.022464
42006776,17.757944,0.3,-2.7065458,0.13170928
53826177,66.56345,0.3,0,12.131153
14279462,12.476237,0.2446602,-1.8085201,0.31627706
1134477,30.15002,0.3,0,19.136862
80059592,14.063109,0.11022044,-3.0508032,-1.9832858
62754424,42.1403,0.2999051,-1.057946,4.5812407
60916354,11.193205,0.24023668,0,0.8888352
82583515,9.544209,0.26,0,-4.1406035
63608015,16.622059,0.23987342,0,1.1845894
90018723,40.21826,0.25,-13.910067,-1.1084663
24115772,28.233189,0.28,-1.2911949,14.337231
23364038,31.95401,0.3,0,8.232432
63253854,9.340144,0.25,-1.0908885,-3.0498667
11914939,33.596394,0.3000821,0,3.5255742
20261468,16.398264,0.18619047,-0.81590027,1.6108928
93252324,22.596115,0.29991448,0,8.819759
21865576,15.125515,0.3,0,2.5524096
60647415,8.848634,0.23987138,0,1.6489316
44827578,20.166626,0.18990384,-1.0794992,1.9465947
72323132,13.477824,0.2503937,-0.8605691,-0.5455491
2134864,12.05122,0.21,-1.2776778,-0.8385231
82664456,16.346762,0.2,-0.7524599,2.5876722
74061425,35.902023,0.3000512,-2.4987996,8.504629
50586854,9.979816,0.1,-2.683819,-3.5005865
84113095,76.59781,0.24991843,0,6.5781426
82930555,15.153549,0.30022675,0,2.1451554
51940420,19.051498,0.3,0,2.2685943
42318650,13.074814,0.17983651,0,-7.750766
166309,64.15433,0.08,0,6.845029
13992038,15.148111,0.18584615,0,-0.63090354
41634328,59.702293,0.28008476,0,4.5680323
41561838,33.00193,0.25992414,0,7.7120657
73820244,151.82062,0.08001707,0,10.943308
94069602,20.34541,0.3,-1.5741749,-1.5588703
4760117,17.56713,0.32010582,-0.47786316,1.7299898
30904506,31.0975,0.38011527,0,4.6636524
24103558,13.613306,0.07991121,0,-1.9697168
51250640,30.888592,0.27988166,0,2.1367288
3740255,9.061522,0.18965517,-0.543184,-0.016064877
29816,25.157005,0.33020833,0,0.47139037
73562696,13.698999,0.3,0,3.6876333
70780256,89.73391,0.15,0,-2.1489782
52817235,19.591467,0.27015504,-1.2170674,-0.5004526
82324124,24.354921,0.3,0,8.374361
391779,16.74549,0.2,-2.794782,0.25371227
