order_id,order_date,delivered_hour_of_day,supplier_type,restaurant_brand,user_id,is_first_order,customer_zone_code
91822804,2024-10-03,21,Restaurant,Other,41472822,FALSE,9
80865675,2024-07-30,16,ODC,Other,93460277,FALSE,6
12277916,2024-11-05,19,Restaurant,Other,4577195,FALSE,18
82354329,2024-11-10,19,Restaurant,Other,845146,FALSE,5
94405510,2025-03-30,20,Restaurant,Other,55119723,FALSE,4
52246601,2024-11-03,18,Restaurant,Other,115879,FALSE,13
91101855,2024-08-13,19,Restaurant,Other,20862691,FALSE,5
2264676,2024-11-04,19,Restaurant,Other,24545113,FALSE,11
74496124,2025-04-05,18,Restaurant,Other,3217675,FALSE,2
12218437,2024-11-01,19,Restaurant,Other,27070785,FALSE,11
71064718,2024-08-11,14,Restaurant,Other,2158741,TRUE,2
63253551,2025-01-12,19,ODC,Other,55074869,FALSE,9
71465672,2024-09-07,20,Restaurant,Other,2908279,FALSE,6
71421008,2024-09-04,18,Restaurant,Other,87497214,FALSE,16
92568086,2024-11-24,20,Restaurant,Other,21636525,FALSE,5
81172239,2024-08-18,12,Restaurant,Other,49638689,FALSE,8
32721703,2024-12-05,16,Restaurant,Other,80353943,FALSE,15
41036423,2024-08-09,20,Restaurant,Other,4218663,FALSE,18
70053341,2024-06-04,18,Restaurant,Other,7737069,FALSE,11
43543334,2025-02-02,19,Restaurant,Other,2416723,FALSE,5
84222445,2025-03-19,13,Restaurant,Other,29325492,FALSE,9
44162554,2025-03-15,17,ODC,Other,20474096,FALSE,9
72542652,2024-11-23,15,Restaurant,Other,54682268,FALSE,6
3645634,2025-02-09,18,Restaurant,Other,3796295,FALSE,6
74647416,2025-04-15,10,Restaurant,Other,35628937,FALSE,14
22366558,2024-11-11,18,Restaurant,Other,48767127,FALSE,6
64851215,2025-04-27,19,Restaurant,Other,92243767,FALSE,9
974526,2024-08-06,12,Restaurant,Other,29087322,FALSE,
84837116,2025-04-27,11,Restaurant,Other,9300944,FALSE,4
30013285,2024-06-01,20,Restaurant,Other,906075,FALSE,6
33613401,2025-02-07,20,Restaurant,Other,853410,FALSE,5
3008322,2024-12-26,12,Restaurant,Other,81386397,FALSE,7
61077838,2024-08-12,11,Restaurant,Other,74649005,FALSE,9
3393528,2025-01-22,19,Restaurant,Other,24150018,FALSE,18
1993811,2024-10-16,20,Restaurant,Other,5026798,FALSE,9
94158596,2025-03-15,13,Restaurant,Other,8014093,FALSE,5
13201766,2025-01-09,12,Restaurant,Other,828724,FALSE,6
91547077,2024-09-13,20,Restaurant,Other,57958761,FALSE,8
43280071,2025-01-14,20,Restaurant,Other,28107797,FALSE,9
61835592,2024-10-04,20,Restaurant,Other,45145569,FALSE,18
22832027,2024-12-12,21,Restaurant,Brand A,30891745,FALSE,4
83473395,2025-01-28,14,Restaurant,Other,3878669,FALSE,9
31801173,2024-10-02,12,ODC,Other,95681679,FALSE,7
54576115,2025-04-10,19,ODC,Other,3943425,FALSE,15
61327668,2024-08-29,11,Restaurant,Other,70969661,FALSE,4
54293257,2025-03-23,19,Restaurant,Other,2729960,FALSE,7
83118248,2025-01-03,14,Restaurant,Other,26622016,FALSE,7
1309880,2024-08-27,19,Restaurant,Other,98792342,FALSE,9
14830367,2025-04-26,19,Restaurant,Other,20439404,FALSE,5
24480367,2025-04-04,19,Restaurant,Other,28473882,FALSE,9
90897858,2024-08-01,19,Restaurant,Other,2517219,FALSE,12
83914906,2025-02-27,18,Restaurant,Other,24513496,FALSE,18
70676415,2024-07-17,18,Restaurant,Other,20753580,FALSE,11
82718129,2024-12-05,12,Restaurant,Other,95869704,FALSE,7
41821503,2024-10-03,20,Restaurant,Other,20558077,FALSE,9
82776385,2024-12-08,20,Restaurant,Other,2874924,FALSE,5
94064390,2025-03-09,11,Restaurant,Other,962005,FALSE,19
1500349,2024-09-10,12,Restaurant,Other,40005228,FALSE,9
11863382,2024-10-06,18,Restaurant,Other,8392257,FALSE,6
2557397,2024-11-24,13,Restaurant,Other,29122146,FALSE,15
99104,2024-06-08,8,Restaurant,Other,9077869,FALSE,4
61404246,2024-09-03,13,Restaurant,Other,26882290,FALSE,11
61843274,2024-10-05,13,Restaurant,Other,115675,FALSE,12
43655535,2025-02-10,12,Restaurant,Other,4198989,FALSE,15
2913530,2024-12-18,19,Restaurant,Other,31578636,FALSE,12
82443949,2024-11-16,20,Restaurant,Other,92487657,FALSE,2
3896101,2025-02-26,12,Restaurant,Other,24937035,FALSE,11
61465442,2024-09-07,20,Restaurant,Other,7548248,FALSE,5
60328532,2024-06-23,14,Restaurant,Other,44184399,FALSE,9
12925370,2024-12-19,19,Restaurant,Other,42444342,FALSE,5
52320566,2024-11-08,20,Restaurant,Other,82813453,FALSE,5
92795815,2024-12-10,12,Restaurant,Other,87420602,FALSE,9
71565328,2024-09-15,10,Restaurant,Other,39931902,FALSE,9
12520430,2024-11-22,5,Restaurant,Other,5330753,FALSE,6
1308907,2024-08-27,18,Restaurant,Other,69901896,FALSE,5
50808594,2024-07-26,20,Restaurant,Other,34589893,FALSE,5
63577248,2025-02-05,12,Restaurant,Other,2668941,FALSE,7
43169049,2025-01-06,19,Restaurant,Other,23683927,FALSE,9
54567885,2025-04-10,12,Restaurant,Other,40668176,FALSE,5
62651659,2024-11-30,19,Restaurant,Other,9419282,FALSE,13
1721418,2024-09-26,16,ODC,Other,29075597,FALSE,12
20529311,2024-07-07,12,ODC,Other,43288,FALSE,9
64135995,2025-03-13,20,Restaurant,Other,3160867,FALSE,2
3426054,2025-01-25,11,Restaurant,Other,8193358,FALSE,4
92771912,2024-12-08,18,Restaurant,Other,94933078,FALSE,9
73620289,2025-02-08,12,Restaurant,Other,3403980,FALSE,11
44046371,2025-03-08,11,Restaurant,Other,3026528,FALSE,6
93439251,2025-01-25,22,Restaurant,Other,85773879,FALSE,6
22787386,2024-12-09,18,Restaurant,Other,50869540,FALSE,4
72326866,2024-11-09,12,Restaurant,Other,65940181,FALSE,6
71031124,2024-08-09,18,Restaurant,Other,74124954,FALSE,12
31877094,2024-10-07,19,Restaurant,Other,6515644,FALSE,5
11278362,2024-08-25,15,Restaurant,Other,8167626,FALSE,11
30337536,2024-06-23,20,Restaurant,Other,46728916,FALSE,1
12253792,2024-11-03,21,Restaurant,Other,670021,FALSE,7
52011051,2024-10-18,12,Restaurant,Other,91964916,FALSE,7
94697245,2025-04-18,14,Restaurant,Other,98059474,FALSE,5
71906196,2024-10-10,12,Restaurant,Other,558873,FALSE,6
54847703,2025-04-27,18,Restaurant,Other,49903208,FALSE,11
42084362,2024-10-23,13,ODC,Other,2391183,FALSE,16
64844145,2025-04-27,15,Restaurant,Other,58604096,FALSE,8
64297069,2025-03-23,20,Restaurant,Other,739204,FALSE,11
11601671,2024-09-17,18,Restaurant,Other,28410013,FALSE,1
50573856,2024-07-10,14,Restaurant,Other,2175775,FALSE,4
2603174,2024-11-27,13,Restaurant,Other,37625342,FALSE,5
54592094,2025-04-11,20,Restaurant,Other,2720976,FALSE,4
61891346,2024-10-08,20,ODC,Other,809759,FALSE,6
60170258,2024-06-12,22,Restaurant,Other,911484,FALSE,9
278576,2024-06-20,12,Restaurant,Other,74730379,FALSE,7
70262773,2024-06-19,10,Restaurant,Other,34215687,FALSE,6
10377186,2024-06-26,20,Restaurant,Other,3053173,FALSE,9
63422915,2025-01-24,21,Restaurant,Other,30940186,FALSE,9
60182482,2024-06-13,20,Restaurant,Other,83899383,FALSE,11
24008999,2025-03-05,18,Restaurant,Other,32442476,FALSE,9
21114167,2024-08-14,17,Restaurant,Other,9167626,FALSE,9
22698367,2024-12-03,20,Restaurant,Other,2588675,FALSE,5
10693925,2024-07-19,9,Restaurant,Other,3479794,FALSE,6
14740282,2025-04-20,20,Restaurant,Other,42352034,FALSE,10
41615199,2024-09-18,19,Restaurant,Other,6177390,FALSE,4
74542934,2025-04-08,16,ODC,Other,71608402,FALSE,9
51729956,2024-09-27,12,Restaurant,Other,20314628,FALSE,4
22720607,2024-12-05,14,Restaurant,Brand A,28936697,FALSE,20
841172,2024-07-28,19,Restaurant,Other,2362278,FALSE,13
91764588,2024-09-29,15,Restaurant,Other,88195846,FALSE,13
42516657,2024-11-21,19,Restaurant,Other,8794209,FALSE,11
10653512,2024-07-15,20,Restaurant,Other,5438958,FALSE,5
54657319,2025-04-15,20,Restaurant,Other,28796673,FALSE,5
30839637,2024-07-28,18,Restaurant,Other,23438484,FALSE,11
14122955,2025-03-12,23,Restaurant,Other,55079206,FALSE,11
14296198,2025-03-23,20,Restaurant,Other,35879214,FALSE,9
84293549,2025-03-23,19,Restaurant,Other,32499046,FALSE,6
84515895,2025-04-06,18,Restaurant,Other,68664389,FALSE,11
4192952,2025-03-17,12,ODC,Other,49712825,FALSE,1
62573151,2024-11-25,12,Restaurant,Other,5136647,FALSE,9
30430041,2024-06-30,13,Restaurant,Other,33656304,FALSE,5
40122911,2024-06-09,17,Restaurant,Other,4810949,FALSE,9
91930395,2024-10-12,9,Restaurant,Other,9016009,FALSE,16
12218681,2024-11-01,19,Restaurant,Other,2731044,FALSE,12
34723844,2025-04-19,21,Restaurant,Other,6939489,FALSE,2
30933283,2024-08-03,20,Restaurant,Other,2882582,FALSE,9
74297647,2025-03-23,20,Restaurant,Other,864174,FALSE,4
30091229,2024-06-07,16,Restaurant,Other,4397839,FALSE,4
31274904,2024-08-25,13,Restaurant,Other,29948344,FALSE,9
2349473,2024-11-10,17,Restaurant,Other,3119493,FALSE,5
24287906,2025-03-23,15,ODC,Other,4402270,FALSE,9
92635917,2024-11-29,19,Restaurant,Other,49186706,FALSE,11
91976919,2024-10-15,17,Restaurant,Other,65636175,FALSE,9
83920804,2025-02-28,9,Restaurant,Other,28552293,FALSE,19
43578676,2025-02-05,13,Restaurant,Other,36922527,FALSE,9
91401362,2024-09-03,11,Restaurant,Other,58543278,FALSE,9
1769100,2024-09-29,19,Restaurant,Other,3025827,FALSE,4
60127382,2024-06-09,19,Restaurant,Other,2630851,FALSE,1
14027729,2025-03-06,21,Restaurant,Other,38835155,FALSE,9
80724812,2024-07-21,1,Restaurant,Other,4540250,FALSE,11
74392102,2025-03-30,11,Restaurant,Other,97057334,FALSE,9
73215235,2025-01-10,13,ODC,Other,6337918,FALSE,5
10018567,2024-06-02,12,Restaurant,Other,39052175,FALSE,2
64175254,2025-03-16,12,Restaurant,Other,48373238,FALSE,9
44894597,2025-04-30,19,Restaurant,Other,67105996,FALSE,13
13780863,2025-02-18,18,ODC,Other,29052409,FALSE,2
212619,2024-06-15,20,Restaurant,Other,7426440,FALSE,19
54285931,2025-03-23,13,Restaurant,Other,26908454,FALSE,13
33604947,2025-02-07,12,Restaurant,Other,7461629,FALSE,9
91731269,2024-09-27,12,Restaurant,Other,102276,FALSE,20
24608074,2025-04-12,19,Restaurant,Other,57641164,FALSE,12
74012510,2025-03-05,20,Restaurant,Other,99841518,FALSE,4
229356,2024-06-16,20,Restaurant,Other,26900668,FALSE,5
82098229,2024-10-24,14,Restaurant,Other,1578125,FALSE,9
33729049,2025-02-15,13,Restaurant,Other,41603945,FALSE,13
30306272,2024-06-22,10,ODC,Other,63062255,FALSE,4
81374863,2024-09-01,13,Restaurant,Other,73687177,FALSE,9
61095783,2024-08-13,13,Restaurant,Other,828234,FALSE,1
91454669,2024-09-07,11,Restaurant,Other,85228419,FALSE,11
41234571,2024-08-22,18,Restaurant,Other,61872284,FALSE,8
31915636,2024-10-10,21,Restaurant,Other,953973,FALSE,6
70069588,2024-06-05,20,Restaurant,Other,32943833,FALSE,9
71067772,2024-08-11,17,Restaurant,Other,7050883,FALSE,3
14018065,2025-03-06,13,Restaurant,Other,36876312,FALSE,7
62645879,2024-11-30,13,Restaurant,Other,20829724,FALSE,11
13402722,2025-01-23,16,Restaurant,Brand A,64345856,FALSE,9
74427569,2025-04-01,12,Restaurant,Other,87940629,FALSE,7
73842543,2025-02-22,19,Restaurant,Other,96034194,FALSE,5
70028413,2024-06-02,19,Restaurant,Other,28987287,FALSE,7
2172642,2024-10-29,18,Restaurant,Other,5412503,FALSE,18
81035915,2024-08-09,20,Restaurant,Other,30342307,FALSE,5
12201310,2024-10-31,18,Restaurant,Other,35976617,FALSE,7
62407364,2024-11-14,17,Restaurant,Other,5956370,FALSE,10
3253280,2025-01-12,19,Restaurant,Other,8041017,FALSE,9
11396616,2024-09-02,19,Restaurant,Other,11212,FALSE,4
73552314,2025-02-03,13,Restaurant,Other,20474529,FALSE,13
40985256,2024-08-06,21,Restaurant,Other,42321910,FALSE,5
23819450,2025-02-21,14,Restaurant,Other,2590232,FALSE,4
43784164,2025-02-18,20,Restaurant,Other,92925843,FALSE,9
80876293,2024-07-31,12,Restaurant,Other,89833331,FALSE,13
13528010,2025-02-01,19,Restaurant,Other,21824476,FALSE,9
51903039,2024-10-09,20,Restaurant,Other,81064858,FALSE,9
23146907,2025-01-05,13,Restaurant,Other,5596157,FALSE,9
94713330,2025-04-19,13,Restaurant,Other,43517930,FALSE,7
31964442,2024-10-14,16,Restaurant,Other,34928039,FALSE,12
90177673,2024-06-13,17,Restaurant,Other,7820007,FALSE,9
12969381,2024-12-22,23,Restaurant,Brand A,55530798,FALSE,18
94481487,2025-04-04,20,Restaurant,Other,99178100,FALSE,7
94738530,2025-04-20,19,Restaurant,Other,8091623,FALSE,15
31556626,2024-09-14,16,Restaurant,Other,2243873,FALSE,16
90408232,2024-06-28,23,Restaurant,Other,66495426,FALSE,9
80219585,2024-06-16,13,Restaurant,Other,7514106,FALSE,9
92121034,2024-10-26,10,Restaurant,Other,91463163,FALSE,9
42141065,2024-10-27,13,Restaurant,Other,8769804,FALSE,9
60145218,2024-06-11,11,Restaurant,Other,70205637,FALSE,7
13783256,2025-02-18,20,ODC,Other,29671160,FALSE,7
93096892,2025-01-01,19,Restaurant,Other,9489217,FALSE,6
31526305,2024-09-12,13,Restaurant,Other,49555735,FALSE,9
80067827,2024-06-05,19,Restaurant,Other,9181159,FALSE,4
43937232,2025-03-01,10,Restaurant,Other,98455769,FALSE,11
83280055,2025-01-14,20,Restaurant,Other,6124002,FALSE,11
72089731,2024-10-23,19,Restaurant,Other,92487711,FALSE,2
90601412,2024-07-12,16,Restaurant,Other,27205193,FALSE,16
11709678,2024-09-25,18,Restaurant,Other,920700,FALSE,6
64795862,2025-04-24,19,Restaurant,Other,28399563,FALSE,7
10802312,2024-07-26,14,Restaurant,Other,26116385,FALSE,5
74560291,2025-04-09,19,Restaurant,Other,28009831,FALSE,5
13110533,2025-01-02,19,Restaurant,Other,5748014,FALSE,5
20565144,2024-07-09,19,Restaurant,Other,3688676,FALSE,9
51721906,2024-09-26,17,Restaurant,Other,62116923,FALSE,3
51702331,2024-09-24,22,Restaurant,Other,87951285,FALSE,3
73024903,2024-12-27,18,ODC,Other,24497260,FALSE,5
91225270,2024-08-21,20,Restaurant,Other,96519579,FALSE,9
62238407,2024-11-03,11,Restaurant,Other,21098187,FALSE,5
80489864,2024-07-04,18,Restaurant,Other,27299555,FALSE,4
21777324,2024-09-30,12,Restaurant,Other,8771711,FALSE,11
93465425,2025-01-27,20,ODC,Other,2067756,FALSE,6
92371959,2024-11-11,21,Restaurant,Other,2883554,FALSE,9
20411161,2024-06-29,12,Restaurant,Other,29859764,FALSE,4
93914970,2025-02-27,18,Restaurant,Other,46313345,FALSE,9
74421715,2025-03-31,19,Restaurant,Other,39040208,FALSE,16
20395324,2024-06-28,12,Restaurant,Other,8011714,FALSE,6
91603233,2024-09-17,20,Restaurant,Other,889265,FALSE,6
73721873,2025-02-14,21,Restaurant,Other,20430248,FALSE,4
2709203,2024-12-04,18,Restaurant,Other,2444021,FALSE,5
508649,2024-07-05,20,Restaurant,Other,78549504,FALSE,5
90220197,2024-06-16,13,Restaurant,Other,84327775,FALSE,13
64350424,2025-03-27,18,Restaurant,Other,2899181,FALSE,13
21815095,2024-10-03,13,Restaurant,Other,1372942,FALSE,7
73107741,2025-01-02,17,Restaurant,Other,49289745,FALSE,9
93623787,2025-02-08,15,Restaurant,Other,2066939,FALSE,6
62213963,2024-11-01,15,Restaurant,Other,29668453,FALSE,4
43117051,2025-01-03,13,Restaurant,Other,47157512,FALSE,6
90898322,2024-08-01,19,Restaurant,Other,3704311,FALSE,11
81270280,2024-08-25,0,Restaurant,Other,73480418,FALSE,9
63923535,2025-02-28,12,Restaurant,Other,64664100,FALSE,17
44446136,2025-04-02,16,Restaurant,Other,2294151,FALSE,7
42171450,2024-10-29,17,Restaurant,Other,5855546,FALSE,5
4798088,2025-04-24,20,Restaurant,Other,2673166,FALSE,9
42152191,2024-10-27,20,Restaurant,Other,4538059,FALSE,11
1133706,2024-08-15,20,Restaurant,Other,3095643,FALSE,10
90382373,2024-06-27,12,Restaurant,Other,5528757,FALSE,5
216990,2024-06-16,11,Restaurant,Other,8391720,FALSE,11
61899428,2024-10-09,18,Restaurant,Other,6176323,FALSE,8
71557618,2024-09-14,17,Restaurant,Other,85738203,FALSE,5
2259624,2024-11-04,14,Restaurant,Other,7379228,FALSE,6
93229969,2025-01-11,15,Restaurant,Other,14399,FALSE,12
50538386,2024-07-07,18,Restaurant,Other,78923013,FALSE,9
82745106,2024-12-07,8,Restaurant,Other,28552293,FALSE,19
773878,2024-07-24,13,Restaurant,Other,737088,FALSE,13
40938316,2024-08-04,11,Restaurant,Other,5576413,FALSE,19
43516391,2025-01-31,23,Restaurant,Other,67554,FALSE,9
71123191,2024-08-15,11,Restaurant,Other,684700,FALSE,11
73483548,2025-01-29,15,Restaurant,Other,4950827,FALSE,10
52148670,2024-10-27,19,Restaurant,Other,3083226,FALSE,20
22463147,2024-11-17,20,Restaurant,Other,53675197,FALSE,5
10543609,2024-07-07,23,Restaurant,Other,69915566,FALSE,20
43146538,2025-01-05,13,Restaurant,Other,8340425,FALSE,12
21570587,2024-09-15,14,Restaurant,Other,68889501,FALSE,11
31636494,2024-09-20,15,Restaurant,Other,2687941,FALSE,5
1539583,2024-09-13,13,Restaurant,Other,65115087,FALSE,12
72426718,2024-11-15,20,Restaurant,Other,8210269,FALSE,9
94768327,2025-04-22,20,Restaurant,Other,76245392,FALSE,6
3023220,2024-12-27,16,Restaurant,Other,2851000,FALSE,5
50191740,2024-06-14,16,Restaurant,Other,39599821,FALSE,5
72171832,2024-10-29,17,Restaurant,Other,6946816,FALSE,5
23298255,2025-01-16,12,Restaurant,Other,2599196,FALSE,4
90708230,2024-07-20,0,Restaurant,Other,58656308,FALSE,15
50662381,2024-07-16,18,Restaurant,Other,9016009,FALSE,16
81119127,2024-08-14,20,Restaurant,Other,90463999,FALSE,18
73844412,2025-02-22,20,Restaurant,Other,25203867,FALSE,6
42363999,2024-11-11,13,Restaurant,Other,82739669,FALSE,7
22479408,2024-11-19,9,Restaurant,Other,7366661,FALSE,5
22883158,2024-12-16,13,Restaurant,Other,94308799,FALSE,12
61939495,2024-10-12,18,Restaurant,Other,3101421,FALSE,7
72213050,2024-11-01,13,Restaurant,Other,39861751,FALSE,2
33234801,2025-01-11,19,Restaurant,Other,72045148,FALSE,12
20238082,2024-06-17,13,Restaurant,Other,534751,TRUE,12
52901967,2024-12-17,20,Restaurant,Other,7749075,FALSE,6
92338228,2024-11-09,20,Restaurant,Other,4982357,FALSE,8
13469941,2025-01-28,12,Restaurant,Other,20360432,FALSE,7
31320454,2024-08-28,18,Restaurant,Other,4935798,FALSE,9
23097626,2025-01-01,19,Restaurant,Other,21503221,FALSE,14
83403452,2025-01-23,17,Restaurant,Brand A,97667429,FALSE,9
72734497,2024-12-06,13,Restaurant,Other,31647653,FALSE,5
10540403,2024-07-07,19,Restaurant,Other,45182265,FALSE,8
22396772,2024-11-13,19,Restaurant,Other,89824089,FALSE,5
91875609,2024-10-07,17,Restaurant,Other,36547866,FALSE,11
22409565,2024-11-14,19,Restaurant,Other,2432060,FALSE,9
22632886,2024-11-29,17,Restaurant,Other,36966899,FALSE,7
63615047,2025-02-07,21,Restaurant,Other,33664876,FALSE,7
43506616,2025-01-31,12,Restaurant,Other,563245,FALSE,4
838936,2024-07-28,18,Restaurant,Other,9198087,FALSE,13
32174810,2024-10-29,19,Restaurant,Other,2616680,FALSE,5
10652333,2024-07-15,19,Restaurant,Other,2810798,FALSE,16
32993208,2024-12-25,1,Restaurant,Brand A,81149404,FALSE,4
52436420,2024-11-16,14,Restaurant,Brand A,23910192,FALSE,4
94766371,2025-04-22,19,Restaurant,Other,93689032,FALSE,7
34061440,2025-03-08,22,Restaurant,Other,8527571,FALSE,4
3332395,2025-01-18,17,ODC,Other,71510093,FALSE,9
63027619,2024-12-27,20,Restaurant,Other,406052,FALSE,6
2782973,2024-12-09,12,Restaurant,Other,5367440,FALSE,5
73841189,2025-02-22,19,Restaurant,Other,4215395,FALSE,17
20057488,2024-06-04,21,Restaurant,Other,881899,FALSE,5
31506689,2024-09-10,19,Restaurant,Other,3385433,FALSE,5
678752,2024-07-17,20,Restaurant,Other,79508144,FALSE,18
63041042,2024-12-28,20,Restaurant,Other,77735500,FALSE,4
81498936,2024-09-10,11,Restaurant,Other,95516320,FALSE,5
44310675,2025-03-24,20,Restaurant,Other,20558077,FALSE,9
4792268,2025-04-24,16,Restaurant,Other,3290563,FALSE,11
3953373,2025-03-01,23,Restaurant,Brand A,630754,FALSE,12
81287940,2024-08-25,21,Restaurant,Other,23810858,FALSE,17
22399806,2024-11-13,22,Restaurant,Other,777240,FALSE,4
32706563,2024-12-04,14,Restaurant,Other,70801074,FALSE,7
41607753,2024-09-18,12,Restaurant,Other,88686707,FALSE,2
30611503,2024-07-13,11,Restaurant,Other,6744163,FALSE,16
64852101,2025-04-27,20,Restaurant,Other,2747160,FALSE,5
54299701,2025-03-24,9,Restaurant,Other,3878669,FALSE,10
42100118,2024-10-24,18,Restaurant,Other,1978487,FALSE,2
73926017,2025-02-28,14,Restaurant,Other,2258654,FALSE,4
2344563,2024-11-10,12,Restaurant,Other,31255807,FALSE,5
356545,2024-06-25,13,Restaurant,Other,78049474,FALSE,12
31854193,2024-10-06,11,Restaurant,Other,48717096,FALSE,4
91741803,2024-09-28,8,Restaurant,Other,31032680,FALSE,11
44453077,2025-04-02,21,Restaurant,Other,91772980,FALSE,9
94407799,2025-03-31,8,Restaurant,Other,99864959,FALSE,6
84020998,2025-03-06,16,Restaurant,Other,3139433,FALSE,7
34125080,2025-03-13,11,Restaurant,Other,38288316,FALSE,1
63483297,2025-01-29,15,Restaurant,Other,8839542,FALSE,9
40291414,2024-06-21,11,Restaurant,Other,98736122,FALSE,2
24724985,2025-04-20,2,Restaurant,Brand A,25175887,FALSE,11
94252283,2025-03-21,14,Restaurant,Other,2173723,FALSE,1
10594175,2024-07-11,21,Restaurant,Other,20397503,FALSE,2
43236244,2025-01-11,20,Restaurant,Other,83643954,FALSE,9
31092776,2024-08-13,11,Restaurant,Other,3441732,FALSE,2
31184604,2024-08-18,19,Restaurant,Other,2194712,FALSE,1
91633947,2024-09-20,12,Restaurant,Other,43761188,FALSE,1
12494370,2024-11-20,11,Restaurant,Other,6940569,FALSE,11
91041155,2024-08-10,11,Restaurant,Other,3049797,FALSE,13
4696469,2025-04-18,13,Restaurant,Other,291445913,TRUE,9
2921016,2024-12-19,13,Restaurant,Other,20765552,FALSE,13
84410251,2025-03-31,12,Restaurant,Other,525835,FALSE,6
91067715,2024-08-11,17,Restaurant,Other,2150107,TRUE,7
70815207,2024-07-27,12,Restaurant,Other,29422536,FALSE,10
20329263,2024-06-23,15,Restaurant,Other,5761954,FALSE,5
4201761,2025-03-17,20,Restaurant,Other,52435062,FALSE,20
52220048,2024-11-01,20,Restaurant,Other,26776123,FALSE,4
82236063,2024-11-02,21,Restaurant,Other,65106606,FALSE,12
20364719,2024-06-25,21,Restaurant,Other,4948544,FALSE,11
71459971,2024-09-07,15,Restaurant,Other,28452171,FALSE,9
2089607,2024-10-23,19,Restaurant,Other,8826036,FALSE,11
93206855,2025-01-09,18,Restaurant,Other,37945,FALSE,12
1506795,2024-09-10,19,Restaurant,Other,3489000,FALSE,9
60769681,2024-07-24,10,Restaurant,Other,4000222,FALSE,13
91394106,2024-09-02,17,Restaurant,Other,87098087,FALSE,20
20025634,2024-06-02,18,Restaurant,Other,58139741,FALSE,2
61342577,2024-08-30,12,Restaurant,Other,82952387,FALSE,14
70375479,2024-06-26,19,Restaurant,Other,88899752,FALSE,7
4859904,2025-04-28,13,Restaurant,Other,32187363,FALSE,9
61431266,2024-09-05,14,Restaurant,Other,9465785,FALSE,2
1211809,2024-08-20,20,Restaurant,Other,21089124,FALSE,5
80272349,2024-06-19,19,Restaurant,Other,5694528,FALSE,2
81745934,2024-09-28,13,Restaurant,Other,8054864,FALSE,4
34813636,2025-04-25,20,Restaurant,Other,72807378,FALSE,1
51467757,2024-09-07,22,Restaurant,Other,638397,FALSE,4
60911565,2024-08-02,18,Restaurant,Other,3491064,FALSE,4
61897878,2024-10-09,16,Restaurant,Other,2858094,FALSE,14
62795915,2024-12-10,12,Restaurant,Other,77961296,FALSE,5
22380390,2024-11-12,18,Restaurant,Other,89110184,FALSE,4
93433426,2025-01-25,18,Restaurant,Other,22767360,FALSE,6
70259949,2024-06-18,19,Restaurant,Other,75953215,FALSE,14
23075929,2024-12-31,17,Restaurant,Other,43491111,FALSE,9
11193816,2024-08-19,15,Restaurant,Other,97543901,FALSE,9
20162778,2024-06-12,14,Restaurant,Other,87276400,FALSE,9
84875670,2025-04-29,16,ODC,Other,92350318,FALSE,9
64464742,2025-04-03,19,Restaurant,Other,29211896,FALSE,12
10581278,2024-07-10,23,Restaurant,Other,56584997,FALSE,20
11480635,2024-09-08,19,ODC,Other,91548772,FALSE,6
71737026,2024-09-27,19,Restaurant,Other,536346,FALSE,5
10589056,2024-07-11,18,Restaurant,Other,96883160,FALSE,6
32029366,2024-10-19,15,Restaurant,Other,6720935,FALSE,12
94749461,2025-04-21,15,Restaurant,Other,77987142,FALSE,4
73450256,2025-01-26,18,Restaurant,Other,21387694,FALSE,4
80038351,2024-06-03,14,Restaurant,Other,99808947,FALSE,9
4158500,2025-03-15,13,Restaurant,Other,58978006,FALSE,9
10853236,2024-07-29,17,Restaurant,Other,2411805,FALSE,11
42822651,2024-12-12,12,Restaurant,Other,25711455,FALSE,16
91578443,2024-09-15,19,Restaurant,Other,43761188,FALSE,1
12289037,2024-11-06,18,Restaurant,Other,75140813,FALSE,11
73070703,2024-12-31,11,Restaurant,Brand A,74061855,FALSE,1
92633049,2024-11-29,17,Restaurant,Other,25683950,FALSE,9
40589530,2024-07-11,18,Restaurant,Other,97979743,FALSE,9
82585999,2024-11-26,11,Restaurant,Other,61162540,FALSE,17
11182981,2024-08-18,19,Restaurant,Other,2357147,TRUE,6
3905473,2025-02-26,22,Restaurant,Other,97767342,FALSE,16
81079422,2024-08-12,12,Restaurant,Other,3084515,FALSE,4
81265153,2024-08-24,18,Restaurant,Other,20342373,FALSE,6
70696856,2024-07-19,12,Restaurant,Other,44181859,FALSE,12
30010031,2024-06-01,18,Restaurant,Other,35401437,FALSE,9
94721072,2025-04-19,19,Restaurant,Other,96482567,FALSE,9
84796295,2025-04-24,19,Restaurant,Other,57377570,FALSE,6
63256507,2025-01-12,22,Restaurant,Other,3065479,FALSE,6
41570111,2024-09-15,13,Restaurant,Other,38447920,FALSE,13
50604119,2024-07-12,19,Restaurant,Other,20900866,FALSE,6
63824746,2025-02-21,19,Restaurant,Other,20027451,FALSE,20
23670123,2025-02-11,13,Restaurant,Other,97457607,FALSE,7
33437662,2025-01-25,20,Restaurant,Other,67104543,FALSE,11
434335,2024-06-30,16,Restaurant,Other,50159246,FALSE,12
94270438,2025-03-22,15,Restaurant,Other,69724503,FALSE,9
2086475,2024-10-23,17,Restaurant,Other,70674500,FALSE,6
53026781,2024-12-27,19,Restaurant,Other,6963015,FALSE,4
172017,2024-06-13,11,Restaurant,Other,9769346,FALSE,11
12602091,2024-11-27,13,Restaurant,Brand A,6720718,FALSE,7
40856544,2024-07-29,19,Restaurant,Other,5345485,FALSE,6
4520711,2025-04-06,20,Restaurant,Other,3202868,FALSE,5
92222405,2024-11-02,9,Restaurant,Other,3024673,FALSE,9
14163992,2025-03-15,18,Restaurant,Other,6012591,FALSE,9
43045519,2024-12-29,12,Restaurant,Other,92622294,FALSE,3
64310057,2025-03-24,19,Restaurant,Other,6561881,FALSE,7
23034113,2024-12-28,13,Restaurant,Brand A,530521,FALSE,4
64784778,2025-04-23,22,Restaurant,Other,6169531,FALSE,16
74663619,2025-04-16,12,Restaurant,Other,5469275,FALSE,5
42360779,2024-11-11,11,Restaurant,Other,95619838,FALSE,9
21621533,2024-09-19,13,Restaurant,Other,72705115,FALSE,9
83663259,2025-02-10,20,Restaurant,Other,60378292,FALSE,5
74526835,2025-04-07,13,Restaurant,Other,2787661,FALSE,5
54267440,2025-03-22,13,Restaurant,Other,33036,FALSE,6
40340029,2024-06-24,10,Restaurant,Other,9946385,FALSE,5
728598,2024-07-21,12,Restaurant,Other,3974839,FALSE,2
10603397,2024-07-12,18,Restaurant,Other,5028314,FALSE,9
61172444,2024-08-18,12,Restaurant,Other,21249804,FALSE,1
33334121,2025-01-18,18,Restaurant,Other,9299542,FALSE,5
73745148,2025-02-16,12,Restaurant,Brand A,2899830,FALSE,13
43665742,2025-02-11,10,Restaurant,Other,66328060,FALSE,7
61142261,2024-08-16,14,ODC,Other,53569,FALSE,18
14280690,2025-03-23,10,Restaurant,Other,679529,FALSE,9
84659534,2025-04-15,22,Restaurant,Other,3134145,FALSE,9
94562466,2025-04-09,20,Restaurant,Other,67104865,FALSE,11
43468397,2025-01-28,10,Restaurant,Other,22548330,FALSE,13
24733218,2025-04-20,15,Restaurant,Other,3233936,FALSE,4
34643430,2025-04-14,19,Restaurant,Other,6940075,FALSE,5
24383435,2025-03-29,19,Restaurant,Other,23700506,FALSE,4
62619624,2024-11-28,18,Restaurant,Other,98893129,FALSE,5
94174153,2025-03-16,12,Restaurant,Other,60207072,FALSE,11
51084732,2024-08-12,17,Restaurant,Other,58226350,FALSE,6
3387685,2025-01-22,13,Restaurant,Other,6994826,FALSE,7
32460583,2024-11-17,19,Restaurant,Other,2996452,FALSE,12
34492744,2025-04-05,15,Restaurant,Other,74508803,FALSE,12
10578951,2024-07-10,19,Restaurant,Other,2512218,FALSE,1
84445118,2025-04-02,14,Restaurant,Other,97049959,FALSE,4
54444147,2025-04-02,13,Restaurant,Other,5366333,FALSE,6
74406538,2025-03-30,22,Restaurant,Brand A,20847627,FALSE,6
198681,2024-06-14,22,ODC,Other,6157134,FALSE,5
92601461,2024-11-27,12,Restaurant,Other,2843223,FALSE,4
11988088,2024-10-16,15,Restaurant,Other,638515,FALSE,15
3818075,2025-02-21,13,Restaurant,Other,26054615,FALSE,7
63593299,2025-02-06,14,Restaurant,Other,88474302,FALSE,9
12803483,2024-12-10,19,Restaurant,Other,1499926,FALSE,11
82133135,2024-10-26,20,ODC,Other,21580353,FALSE,4
42979707,2024-12-23,21,Restaurant,Other,91149820,FALSE,6
21709923,2024-09-25,18,Restaurant,Other,76946335,FALSE,13
94524242,2025-04-07,11,Restaurant,Other,42326660,FALSE,13
63468777,2025-01-28,10,Restaurant,Other,6695671,FALSE,11
62832077,2024-12-12,21,Restaurant,Other,99354997,FALSE,5
61437016,2024-09-05,20,Restaurant,Other,7749784,FALSE,1
10616435,2024-07-13,15,Restaurant,Other,66632496,FALSE,1
51622833,2024-09-19,14,Restaurant,Other,26905339,FALSE,13
52168872,2024-10-29,12,Restaurant,Other,2882546,FALSE,12
90929759,2024-08-03,18,Restaurant,Other,69171171,TRUE,11
71887915,2024-10-08,18,Restaurant,Other,2183978,FALSE,4
34278849,2025-03-22,21,Restaurant,Other,8155293,FALSE,9
81555048,2024-09-14,14,Restaurant,Other,3876748,FALSE,2
1652949,2024-09-21,17,Restaurant,Other,3684388,FALSE,9
32920641,2024-12-19,13,Restaurant,Other,75579271,FALSE,7
62211870,2024-11-01,12,Restaurant,Other,94546928,FALSE,4
90099790,2024-06-08,10,Restaurant,Other,4975641,FALSE,9
81373586,2024-09-01,12,Restaurant,Other,61483647,FALSE,1
61596636,2024-09-17,12,Restaurant,Other,3862950,FALSE,9
41977055,2024-10-15,17,Restaurant,Other,6632395,FALSE,1
92685733,2024-12-02,20,Restaurant,Other,78542467,FALSE,7
1693689,2024-09-24,12,Restaurant,Other,9942576,FALSE,7
62191866,2024-10-31,8,Restaurant,Other,822338,FALSE,1
33726721,2025-02-15,12,Restaurant,Other,2125864,FALSE,9
63615609,2025-02-07,21,Restaurant,Other,4300582,FALSE,9
2165024,2024-10-28,21,Restaurant,Other,5558059,FALSE,11
90860,2024-06-07,15,Restaurant,Other,92350792,FALSE,5
24569603,2025-04-10,13,Restaurant,Other,3178944,FALSE,1
11839737,2024-10-05,11,Restaurant,Other,1922470,FALSE,9
20475674,2024-07-03,16,Restaurant,Other,95548333,FALSE,5
11266688,2024-08-24,19,Restaurant,Other,28341390,FALSE,11
60809350,2024-07-26,20,Restaurant,Other,36552596,FALSE,15
34092453,2025-03-10,19,Restaurant,Other,85709625,FALSE,9
24723604,2025-04-19,21,Restaurant,Other,6950493,FALSE,12
71553385,2024-09-14,13,Restaurant,Other,20724134,FALSE,2
21044177,2024-08-10,13,Restaurant,Other,44216787,FALSE,5
40601564,2024-07-12,16,Restaurant,Other,80173663,FALSE,19
11375128,2024-09-01,13,Restaurant,Other,938270,FALSE,3
20467174,2024-07-02,20,Restaurant,Other,39988751,FALSE,5
92666362,2024-12-01,17,Restaurant,Other,78823774,FALSE,5
24717630,2025-04-19,17,Restaurant,Other,29727823,FALSE,9
33201469,2025-01-09,12,ODC,Other,40491393,FALSE,5
23497148,2025-01-30,17,Restaurant,Other,22579065,FALSE,16
41319926,2024-08-28,17,Restaurant,Other,9757620,FALSE,11
50297528,2024-06-21,16,Restaurant,Other,4112471,FALSE,15
51095303,2024-08-13,12,ODC,Other,92054654,FALSE,17
30001782,2024-06-01,11,Restaurant,Other,20751391,FALSE,5
24680525,2025-04-17,14,Restaurant,Other,77833472,FALSE,9
22568001,2024-11-24,20,Restaurant,Other,60057779,FALSE,7
72674085,2024-12-01,21,Restaurant,Other,88761470,FALSE,6
21199867,2024-08-19,21,Restaurant,Other,91544781,FALSE,12
74271459,2025-03-22,17,Restaurant,Other,20196506,FALSE,13
2368727,2024-11-11,19,Restaurant,Other,63332474,FALSE,2
20710866,2024-07-20,12,Restaurant,Other,80328347,FALSE,7
81174875,2024-08-18,13,Restaurant,Other,5412503,FALSE,18
13904289,2025-02-26,20,Restaurant,Other,1627013,FALSE,4
81580991,2024-09-15,21,Restaurant,Other,66976646,FALSE,4
60899745,2024-08-01,20,Restaurant,Other,99776516,FALSE,5
451632,2024-07-01,18,Restaurant,Other,93096858,FALSE,9
71694363,2024-09-24,13,Restaurant,Other,3654617,FALSE,13
60616972,2024-07-13,16,Restaurant,Other,80381809,FALSE,5
72721381,2024-12-05,16,Restaurant,Other,72504632,FALSE,11
70361553,2024-06-25,19,Restaurant,Other,49749056,FALSE,3
94635555,2025-04-14,12,Restaurant,Other,742442,FALSE,18
23461428,2025-01-27,16,Restaurant,Other,8780107,FALSE,2
44337721,2025-03-26,19,Restaurant,Other,52031819,FALSE,12
50294761,2024-06-21,13,Restaurant,Other,78768077,FALSE,17
14502136,2025-04-05,23,Restaurant,Other,63988507,FALSE,7
44397150,2025-03-30,15,Restaurant,Other,9684894,FALSE,9
73358802,2025-01-20,10,Restaurant,Other,22730969,FALSE,4
62682154,2024-12-02,18,Restaurant,Other,2905667,FALSE,6
22281688,2024-11-06,11,Restaurant,Other,559530,FALSE,11
22257595,2024-11-04,12,Restaurant,Other,38867739,FALSE,15
90646644,2024-07-15,13,Restaurant,Other,67934612,FALSE,4
84043437,2025-03-07,21,Restaurant,Other,22375549,FALSE,7
84595604,2025-04-12,3,Restaurant,Other,75578765,FALSE,13
61018031,2024-08-09,3,Restaurant,Other,31744881,FALSE,5
44790356,2025-04-24,13,Restaurant,Other,3116129,FALSE,4
43883542,2025-02-25,13,Restaurant,Other,87879924,FALSE,1
12574717,2024-11-25,13,Restaurant,Other,98285266,FALSE,4
12583547,2024-11-25,21,Restaurant,Other,64205461,FALSE,9
3522164,2025-02-01,14,Restaurant,Other,90062797,FALSE,2
31834556,2024-10-04,19,Restaurant,Other,29586367,FALSE,4
92470103,2024-11-18,13,Restaurant,Other,86448429,FALSE,7
42144375,2024-10-27,17,Restaurant,Other,7257197,FALSE,1
4155812,2025-03-15,11,Restaurant,Other,4082600,FALSE,11
21098548,2024-08-13,16,Restaurant,Other,25600232,FALSE,11
34232105,2025-03-20,11,Restaurant,Other,6994416,FALSE,7
64284366,2025-03-23,12,ODC,Other,9144962,FALSE,8
3243261,2025-01-12,12,Restaurant,Other,2424109,FALSE,5
14782625,2025-04-23,20,Restaurant,Other,2181708,FALSE,11
83483612,2025-01-29,15,Restaurant,Other,2110605,FALSE,9
20866333,2024-07-30,17,Restaurant,Other,4787066,FALSE,11
80393306,2024-06-28,8,Restaurant,Other,2343074,FALSE,12
42032231,2024-10-19,18,Restaurant,Other,4420010,FALSE,11
12230062,2024-11-02,18,Restaurant,Other,29220338,FALSE,12
14152813,2025-03-14,22,ODC,Other,4766969,FALSE,8
819905,2024-07-27,17,Restaurant,Other,2629603,FALSE,2
72059714,2024-10-21,13,Restaurant,Other,5774143,FALSE,15
80966413,2024-08-05,18,Restaurant,Other,88429912,FALSE,6
63158280,2025-01-05,20,Restaurant,Other,9081745,FALSE,8
84417609,2025-03-31,17,Restaurant,Other,49173292,FALSE,9
32828687,2024-12-12,19,Restaurant,Other,83379974,FALSE,7
90161538,2024-06-12,13,Restaurant,Other,2503485,FALSE,6
4595390,2025-04-12,1,Restaurant,Other,69722294,FALSE,7
91673649,2024-09-22,19,Restaurant,Other,40609584,FALSE,12
24372236,2025-03-29,8,Restaurant,Brand A,20568637,FALSE,5
10678621,2024-07-17,20,Restaurant,Other,617493,FALSE,12
32819461,2024-12-12,1,Restaurant,Other,90450322,FALSE,1
82744394,2024-12-06,23,Restaurant,Other,238090,FALSE,5
739482,2024-07-21,19,Restaurant,Other,98124739,FALSE,19
72170459,2024-10-29,14,Restaurant,Other,37691848,FALSE,16
34811790,2025-04-25,19,ODC,Other,36133983,FALSE,4
1388441,2024-09-02,11,Restaurant,Other,26978756,FALSE,7
70640781,2024-07-14,20,Restaurant,Other,23349147,FALSE,5
13891253,2025-02-25,21,Restaurant,Other,2165543,FALSE,6
94052268,2025-03-08,15,Restaurant,Other,94543594,FALSE,12
12465415,2024-11-17,23,Restaurant,Other,53603431,FALSE,11
50964001,2024-08-05,16,Restaurant,Other,2767971,FALSE,19
4723423,2025-04-19,21,Restaurant,Other,291480557,TRUE,9
30935929,2024-08-03,22,Restaurant,Other,36974766,FALSE,6
12662450,2024-12-01,13,Restaurant,Other,99417757,FALSE,12
50764387,2024-07-23,18,Restaurant,Other,26840220,FALSE,10
21926246,2024-10-11,19,Restaurant,Other,68003901,FALSE,9
74363795,2025-03-28,17,Restaurant,Other,72386250,FALSE,13
21658285,2024-09-21,20,Restaurant,Other,90417725,FALSE,9
30513436,2024-07-06,12,Restaurant,Other,37132774,FALSE,6
2592209,2024-11-26,18,Restaurant,Other,3422618,FALSE,7
71738250,2024-09-27,19,Restaurant,Other,6449992,FALSE,11
54667123,2025-04-16,17,Restaurant,Other,38630331,FALSE,7
61480931,2024-09-08,19,Restaurant,Other,3817676,FALSE,7
13794703,2025-02-19,18,ODC,Other,29726439,FALSE,5
1130961,2024-08-15,18,Restaurant,Other,3876811,FALSE,20
34194319,2025-03-17,13,Restaurant,Other,5077977,FALSE,9
10800915,2024-07-26,13,Restaurant,Other,4298077,FALSE,18
12957958,2024-12-22,12,Restaurant,Other,2512200,FALSE,13
81629242,2024-09-19,21,ODC,Other,8875701,FALSE,5
72428933,2024-11-15,21,ODC,Other,63436292,FALSE,6
62764722,2024-12-08,12,Restaurant,Other,62866354,FALSE,3
62679924,2024-12-02,14,Restaurant,Other,29850572,FALSE,5
41033970,2024-08-09,19,Restaurant,Other,2198346,TRUE,9
64152801,2025-03-14,22,Restaurant,Other,2910229,FALSE,7
12652712,2024-11-30,19,Restaurant,Other,29793157,FALSE,11
72539083,2024-11-23,12,Restaurant,Other,6710803,FALSE,11
50174503,2024-06-13,12,Restaurant,Other,41250027,FALSE,5
72772012,2024-12-08,18,Restaurant,Other,2930197,FALSE,5
2029278,2024-10-19,15,ODC,Other,3287186,FALSE,2
14648375,2025-04-15,11,Restaurant,Other,57317196,FALSE,3
71077135,2024-08-12,1,Restaurant,Other,57589729,FALSE,11
33853687,2025-02-23,14,Restaurant,Other,50111001,FALSE,6
23980676,2025-03-03,18,Restaurant,Other,74084614,FALSE,5
710273,2024-07-20,11,Restaurant,Other,93200894,FALSE,1
2749873,2024-12-07,13,Restaurant,Other,92679756,FALSE,18
30495156,2024-07-04,22,Restaurant,Other,25383277,FALSE,5
30164244,2024-06-12,17,Restaurant,Other,6065858,FALSE,5
33268015,2025-01-13,20,Restaurant,Other,2687996,FALSE,7
13073983,2024-12-31,14,Restaurant,Other,7683508,FALSE,9
31002224,2024-08-08,11,Restaurant,Other,80994568,FALSE,7
53540907,2025-02-02,17,Restaurant,Other,4668518,FALSE,20
4016883,2025-03-06,12,Restaurant,Other,26023537,FALSE,1
94032354,2025-03-07,12,Restaurant,Other,44030631,FALSE,9
40555001,2024-07-08,20,Restaurant,Other,93077226,FALSE,2
84574265,2025-04-10,18,Restaurant,Other,63162372,FALSE,11
44225976,2025-03-19,18,ODC,Other,73183490,FALSE,9
52148999,2024-10-27,19,Restaurant,Other,51280764,FALSE,6
3114115,2025-01-03,11,Restaurant,Other,8796069,FALSE,12
61279497,2024-08-25,17,Restaurant,Other,3781123,FALSE,6
72356903,2024-11-10,20,Restaurant,Other,6684204,FALSE,10
555909,2024-07-08,22,ODC,Other,20137579,FALSE,10
70099238,2024-06-08,9,Restaurant,Other,2588313,FALSE,4
74356881,2025-03-28,11,Restaurant,Other,3677345,FALSE,7
61091868,2024-08-13,10,Restaurant,Other,6781623,FALSE,9
20826024,2024-07-27,20,Restaurant,Other,95182694,FALSE,11
93786992,2025-02-19,11,Restaurant,Other,44097526,FALSE,2
2906447,2024-12-18,12,Restaurant,Other,93326245,FALSE,11
73211236,2025-01-09,21,Restaurant,Other,3572411,FALSE,6
51934799,2024-10-12,13,Restaurant,Other,24923961,FALSE,13
61724936,2024-09-26,19,Restaurant,Other,52448957,FALSE,12
64472923,2025-04-04,13,Restaurant,Other,31335650,FALSE,1
91094015,2024-08-13,12,Restaurant,Other,5217952,FALSE,16
90871454,2024-07-30,20,Restaurant,Other,2411805,FALSE,16
20955147,2024-08-04,20,Restaurant,Other,4012876,FALSE,11
11539009,2024-09-13,13,Restaurant,Other,53353738,FALSE,6
42771864,2024-12-08,18,Restaurant,Other,4543362,FALSE,5
11488896,2024-09-09,12,Restaurant,Other,44035932,FALSE,15
54710596,2025-04-19,11,Restaurant,Other,26669560,FALSE,19
2760203,2024-12-07,21,Restaurant,Other,84669909,FALSE,9
62225062,2024-11-02,12,Restaurant,Other,7013823,FALSE,5
32122943,2024-10-26,12,Restaurant,Other,21469178,FALSE,9
23124860,2025-01-03,20,Restaurant,Other,20766305,FALSE,19
62353369,2024-11-10,19,Restaurant,Other,97436,FALSE,2
62421247,2024-11-15,16,ODC,Other,45154141,FALSE,3
71529800,2024-09-12,18,Restaurant,Other,262518,FALSE,5
54787916,2025-04-24,12,Restaurant,Other,3877849,FALSE,4
10318452,2024-06-22,20,Restaurant,Other,52742324,FALSE,1
82844443,2024-12-13,20,Restaurant,Other,61485804,FALSE,5
22714830,2024-12-04,23,Restaurant,Brand A,9475144,FALSE,11
50461800,2024-07-02,14,Restaurant,Other,2665838,FALSE,7
12901942,2024-12-17,20,Restaurant,Other,5758892,FALSE,18
1782038,2024-09-30,18,Restaurant,Other,4649346,FALSE,10
93326589,2025-01-18,11,Restaurant,Other,8201243,FALSE,3
83975755,2025-03-03,12,Restaurant,Other,3630027,FALSE,5
60611378,2024-07-13,11,Restaurant,Other,3999082,FALSE,4
33997573,2025-03-04,20,Restaurant,Other,2543924,FALSE,4
93712112,2025-02-14,13,ODC,Other,38002805,FALSE,9
3810034,2025-02-20,19,Restaurant,Other,9083031,FALSE,2
90972151,2024-08-06,11,Restaurant,Other,1953557,FALSE,4
51408682,2024-09-03,19,Restaurant,Other,917019,FALSE,12
12971743,2024-12-23,12,Restaurant,Other,30684071,FALSE,13
81394725,2024-09-02,18,Restaurant,Other,83073673,FALSE,6
22564987,2024-11-24,19,Restaurant,Other,49118545,FALSE,9
32285831,2024-11-06,14,Restaurant,Other,20488764,FALSE,5
2186001,2024-10-30,18,Restaurant,Other,6513676,FALSE,12
52919410,2024-12-19,12,Restaurant,Other,51607075,FALSE,5
12434887,2024-11-16,13,Restaurant,Other,9100938,FALSE,7
21135831,2024-08-16,8,Restaurant,Other,655490,FALSE,7
61933022,2024-10-12,12,Restaurant,Other,30209373,FALSE,9
70344857,2024-06-24,14,Restaurant,Other,30542415,FALSE,7
2948977,2024-12-21,17,Restaurant,Other,24090366,FALSE,11
42524325,2024-11-22,12,Restaurant,Brand A,22192828,FALSE,4
3552494,2025-02-03,13,Restaurant,Other,9941375,FALSE,7
14857217,2025-04-28,11,Restaurant,Other,88498782,FALSE,7
60732145,2024-07-21,14,Restaurant,Other,9174724,FALSE,6
20644762,2024-07-15,12,Restaurant,Other,27956563,FALSE,20
34691368,2025-04-18,10,Restaurant,Other,3416438,FALSE,11
83029084,2024-12-27,22,Restaurant,Other,60056410,FALSE,17
34449635,2025-04-02,19,Restaurant,Other,57965351,FALSE,9
20826235,2024-07-27,20,Restaurant,Other,6176166,FALSE,11
53616940,2025-02-08,8,Restaurant,Other,2106627,FALSE,5
20092689,2024-06-07,18,Restaurant,Other,41803864,FALSE,11
73039142,2024-12-28,19,Restaurant,Other,25635356,FALSE,5
71549165,2024-09-14,0,Restaurant,Other,3301108,FALSE,4
53202088,2025-01-09,12,Restaurant,Other,26645086,FALSE,16
60452565,2024-07-01,19,Restaurant,Other,29587217,FALSE,10
80425632,2024-06-30,9,Restaurant,Other,23714543,FALSE,4
61946750,2024-10-13,12,Restaurant,Other,96032918,FALSE,9
10179755,2024-06-13,18,Restaurant,Other,8274884,FALSE,13
20660725,2024-07-16,15,Restaurant,Other,66701848,FALSE,5
83309937,2025-01-17,8,Restaurant,Brand A,99022661,FALSE,9
22110152,2024-10-25,13,Restaurant,Other,2287833,FALSE,9
51739296,2024-09-27,20,Restaurant,Other,727033,FALSE,7
90257624,2024-06-18,18,Restaurant,Other,6600045,FALSE,1
83628603,2025-02-08,19,Restaurant,Other,29191613,FALSE,9
61091959,2024-08-13,10,Restaurant,Other,87529076,FALSE,14
93910887,2025-02-27,13,Restaurant,Other,56876444,FALSE,8
82578388,2024-11-25,18,Restaurant,Other,39382634,FALSE,11
23090866,2025-01-01,15,Restaurant,Other,88122159,FALSE,9
24846231,2025-04-27,17,ODC,Other,7253975,FALSE,11
93040318,2024-12-28,20,Restaurant,Other,2066900,FALSE,4
62398168,2024-11-13,20,Restaurant,Other,77726901,FALSE,5
41149036,2024-08-16,20,Restaurant,Other,3202659,FALSE,5
82954946,2024-12-21,22,Restaurant,Other,4579197,FALSE,4
10095332,2024-06-07,19,Restaurant,Other,20291687,FALSE,5
73263109,2025-01-13,17,Restaurant,Other,3117563,FALSE,9
22489757,2024-11-19,19,Restaurant,Other,7339044,FALSE,9
30667811,2024-07-16,23,Restaurant,Other,23709785,FALSE,11
22314360,2024-11-08,15,Restaurant,Other,49747171,FALSE,3
32692095,2024-12-03,12,Restaurant,Other,49498832,FALSE,20
93090104,2025-01-01,14,Restaurant,Other,2259667,FALSE,19
84682650,2025-04-17,18,Restaurant,Other,2628078,FALSE,6
1869496,2024-10-07,10,Restaurant,Other,97621983,FALSE,13
84447330,2025-04-02,17,Restaurant,Other,7138104,FALSE,9
60066291,2024-06-05,18,Restaurant,Other,40393955,FALSE,4
51231166,2024-08-22,13,Restaurant,Other,1841070,FALSE,6
64397124,2025-03-30,15,Restaurant,Other,5092270,FALSE,12
32016249,2024-10-18,18,Restaurant,Other,25682203,FALSE,5
82907688,2024-12-18,13,Restaurant,Other,25636424,FALSE,5
54483778,2025-04-04,21,Restaurant,Other,9044967,FALSE,4
84208782,2025-03-18,13,Restaurant,Other,25471020,FALSE,7
13874628,2025-02-24,19,Restaurant,Other,3948195,FALSE,9
4241813,2025-03-20,19,Restaurant,Other,22891910,FALSE,7
71172742,2024-08-18,12,Restaurant,Other,2515156,FALSE,10
54249198,2025-03-21,12,Restaurant,Other,360551,FALSE,5
83245434,2025-01-12,13,Restaurant,Brand A,4833320,FALSE,11
61134098,2024-08-15,20,ODC,Other,8128737,FALSE,4
83169083,2025-01-06,19,Restaurant,Other,93724540,FALSE,7
32441807,2024-11-16,19,ODC,Other,5213653,FALSE,5
23551736,2025-02-03,12,Restaurant,Other,99464007,FALSE,2
64035763,2025-03-07,15,Restaurant,Other,3051752,FALSE,4
63521033,2025-02-01,13,Restaurant,Other,38682991,FALSE,9
81707252,2024-09-25,14,Restaurant,Other,22871979,FALSE,5
81235886,2024-08-22,19,Restaurant,Other,37220050,FALSE,3
83144063,2025-01-05,11,Restaurant,Other,99730408,FALSE,5
24868419,2025-04-28,21,Restaurant,Other,20412711,FALSE,5
22070282,2024-10-22,12,Restaurant,Other,55935748,FALSE,9
83374895,2025-01-21,13,Restaurant,Other,7118396,FALSE,6
60538701,2024-07-07,19,Restaurant,Other,49584702,FALSE,16
61742500,2024-09-28,10,Restaurant,Other,40051825,FALSE,9
81341824,2024-08-30,12,Restaurant,Other,38196082,FALSE,11
21520472,2024-09-11,20,ODC,Other,23826071,FALSE,13
13231982,2025-01-11,17,Restaurant,Other,5692396,FALSE,4
11252727,2024-08-23,20,Restaurant,Other,28514594,FALSE,4
32670561,2024-12-01,19,ODC,Other,2418539,FALSE,9
60461145,2024-07-02,13,Restaurant,Other,94177126,FALSE,5
93649659,2025-02-09,20,Restaurant,Other,5346226,FALSE,13
90573969,2024-07-10,14,Restaurant,Other,2936294,FALSE,9
73175516,2025-01-07,12,Restaurant,Other,32403242,FALSE,11
53486706,2025-01-29,19,Restaurant,Other,70013875,FALSE,8
2537936,2024-11-23,12,Restaurant,Other,24490786,FALSE,16
1293170,2024-08-26,14,Restaurant,Other,29380064,FALSE,4
41573081,2024-09-15,17,Restaurant,Other,4361640,FALSE,2
32965071,2024-12-22,18,Restaurant,Other,68399623,FALSE,11
32619064,2024-11-28,17,Restaurant,Other,2628496,FALSE,9
32014164,2024-10-18,16,Restaurant,Other,761283,FALSE,5
2601007,2024-11-27,12,Restaurant,Other,5623215,FALSE,9
31038230,2024-08-09,21,Restaurant,Other,88059242,FALSE,9
80988353,2024-08-07,12,Restaurant,Other,49594555,FALSE,10
13001038,2024-12-25,17,Restaurant,Other,20698851,FALSE,11
4794768,2025-04-24,18,Restaurant,Other,291371850,FALSE,7
21783470,2024-09-30,19,Restaurant,Other,74311667,FALSE,11
50610678,2024-07-13,11,ODC,Other,880119,FALSE,5
12560009,2024-11-24,15,Restaurant,Other,3221418,FALSE,9
74228795,2025-03-19,20,Restaurant,Other,74372671,FALSE,5
50217616,2024-06-16,12,Restaurant,Other,7345366,FALSE,5
43863278,2025-02-23,20,Restaurant,Other,93260033,FALSE,5
2000308,2024-10-17,14,Restaurant,Other,26549712,FALSE,11
22958046,2024-12-22,12,Restaurant,Other,8124213,FALSE,5
71586428,2024-09-16,14,Restaurant,Other,564789,FALSE,12
43686596,2025-02-12,18,Restaurant,Other,4499306,FALSE,14
42073942,2024-10-22,17,Restaurant,Other,828102,FALSE,9
44619339,2025-04-13,13,Restaurant,Other,29185141,FALSE,2
74115592,2025-03-12,16,Restaurant,Other,7737043,FALSE,4
21769900,2024-09-29,19,Restaurant,Other,20437226,FALSE,5
74833714,2025-04-26,21,Restaurant,Other,291653282,TRUE,16
72379364,2024-11-12,17,Restaurant,Other,78445113,FALSE,10
442115,2024-06-30,20,Restaurant,Other,29964979,FALSE,4
53010345,2024-12-26,13,Restaurant,Other,71242765,FALSE,7
60481341,2024-07-03,21,Restaurant,Other,9946882,FALSE,13
4647121,2025-04-15,9,Restaurant,Other,24025395,FALSE,5
12425325,2024-11-15,19,Restaurant,Other,30216323,FALSE,3
52510180,2024-11-21,13,Restaurant,Other,3002272,FALSE,5
33314205,2025-01-17,13,Restaurant,Other,28040250,FALSE,9
21849536,2024-10-05,19,Restaurant,Other,77669717,FALSE,19
34066521,2025-03-09,12,Restaurant,Other,54944351,FALSE,11
83688093,2025-02-12,19,Restaurant,Other,71160418,FALSE,7
52310758,2024-11-08,12,Restaurant,Other,29139460,FALSE,13
63951154,2025-03-01,20,Restaurant,Other,20223160,FALSE,2
12128537,2024-10-26,18,Restaurant,Other,3059699,FALSE,1
61201579,2024-08-20,11,Restaurant,Other,3684801,FALSE,4
82771931,2024-12-08,18,Restaurant,Other,58773211,FALSE,18
10663190,2024-07-16,18,Restaurant,Other,9337953,FALSE,5
72115763,2024-10-25,19,Restaurant,Other,68092246,FALSE,2
70406785,2024-06-28,20,Restaurant,Other,39629945,FALSE,18
10904018,2024-08-02,11,Restaurant,Other,8436246,FALSE,9
10353067,2024-06-25,11,Restaurant,Other,78200662,FALSE,9
93868142,2025-02-24,12,Restaurant,Other,37567868,FALSE,4
31481964,2024-09-08,19,Restaurant,Other,5988350,FALSE,8
62089696,2024-10-23,19,Restaurant,Other,3301526,FALSE,9
12135904,2024-10-27,8,Restaurant,Other,72503318,FALSE,19
32569619,2024-11-24,21,Restaurant,Other,73440240,FALSE,9
62586854,2024-11-26,12,Restaurant,Other,4444911,FALSE,5
33167599,2025-01-06,18,Restaurant,Other,9666466,FALSE,13
356730,2024-06-25,13,Restaurant,Other,95234281,FALSE,12
11643853,2024-09-20,22,Restaurant,Other,5632728,FALSE,9
91807551,2024-10-02,19,Restaurant,Other,29077336,FALSE,2
114302,2024-06-09,8,Restaurant,Other,2420358,FALSE,5
12103999,2024-10-24,20,Restaurant,Other,3084528,FALSE,8
80680208,2024-07-17,21,Restaurant,Other,958757,FALSE,9
22494607,2024-11-20,12,Restaurant,Other,7867269,FALSE,5
74451956,2025-04-02,20,Restaurant,Other,5005071,FALSE,7
22223782,2024-11-02,11,Restaurant,Other,64118806,FALSE,5
42549977,2024-11-23,20,Restaurant,Other,43386561,FALSE,2
31180642,2024-08-18,18,Restaurant,Other,9429036,FALSE,1
31123823,2024-08-15,12,Restaurant,Other,20824696,FALSE,9
40188498,2024-06-14,12,Restaurant,Other,95759390,FALSE,5
41435577,2024-09-05,19,ODC,Other,78774204,FALSE,7
52365607,2024-11-11,17,ODC,Other,9645452,FALSE,6
63449667,2025-01-26,18,Restaurant,Other,37126449,FALSE,2
4108516,2025-03-11,22,Restaurant,Other,8662748,TRUE,6
72015161,2024-10-18,17,Restaurant,Other,61086641,FALSE,1
51769694,2024-09-29,19,Restaurant,Other,3572156,FALSE,4
12135784,2024-10-27,7,ODC,Other,6972810,FALSE,5
71076692,2024-08-11,22,Restaurant,Other,81209098,FALSE,7
63069220,2024-12-31,9,Restaurant,Other,5388154,FALSE,5
13134858,2025-01-04,17,Restaurant,Other,4764832,FALSE,7
54497416,2025-04-05,19,Restaurant,Other,9601467,FALSE,12
42341306,2024-11-10,10,Restaurant,Other,84448343,FALSE,5
30720641,2024-07-20,19,Restaurant,Other,27670139,FALSE,8
73416601,2025-01-24,16,Restaurant,Other,80071962,FALSE,1
51809074,2024-10-02,20,Restaurant,Other,43415164,FALSE,4
82594811,2024-11-26,19,Restaurant,Brand A,89823088,FALSE,11
82990996,2024-12-24,20,Restaurant,Other,31533907,FALSE,7
2092860,2024-10-23,22,Restaurant,Other,4439257,FALSE,13
84297802,2025-03-23,20,Restaurant,Other,4184430,FALSE,11
93757862,2025-02-16,20,Restaurant,Other,3102003,FALSE,5
12736519,2024-12-06,16,ODC,Other,8784370,FALSE,6
72525505,2024-11-22,13,Restaurant,Other,3562454,FALSE,11
31296838,2024-08-26,18,Restaurant,Other,86998011,FALSE,18
51455358,2024-09-07,12,Restaurant,Other,24850052,FALSE,5
72242292,2024-11-03,13,Restaurant,Other,23406926,FALSE,16
23317614,2025-01-17,18,Restaurant,Other,79639648,FALSE,9
11575201,2024-09-15,18,Restaurant,Other,7151436,FALSE,16
70185185,2024-06-14,10,Restaurant,Other,20726222,FALSE,1
80259257,2024-06-18,19,Restaurant,Other,94339703,FALSE,12
53232995,2025-01-11,18,Restaurant,Other,21029365,FALSE,4
62344358,2024-11-10,12,Restaurant,Other,3996582,FALSE,11
1866379,2024-10-06,19,Restaurant,Other,2558938,FALSE,18
52469107,2024-11-18,12,Restaurant,Other,8952641,FALSE,5
73362745,2025-01-20,13,Restaurant,Other,303927,FALSE,5
23703091,2025-02-13,19,Restaurant,Other,9287004,FALSE,13
60669155,2024-07-17,11,Restaurant,Other,3506575,FALSE,2
21711642,2024-09-25,19,Restaurant,Other,98456867,FALSE,7
231573,2024-06-16,22,Restaurant,Other,55488679,FALSE,5
40205119,2024-06-15,14,Restaurant,Other,38198794,FALSE,8
34260182,2025-03-21,20,Restaurant,Other,89928301,FALSE,10
61385531,2024-09-01,20,Restaurant,Other,924153,FALSE,11
1326369,2024-08-29,8,Restaurant,Other,7514106,FALSE,9
93906974,2025-02-27,11,Restaurant,Other,49451303,FALSE,9
41747971,2024-09-28,14,Restaurant,Other,49594555,FALSE,9
91292932,2024-08-26,13,Restaurant,Other,2858036,FALSE,19
53330445,2025-01-18,14,Restaurant,Other,6568198,FALSE,11
31289017,2024-08-26,10,Restaurant,Other,41004024,FALSE,7
61136452,2024-08-16,10,Restaurant,Other,88400485,FALSE,12
70707201,2024-07-19,21,Restaurant,Other,21613183,FALSE,9
1038205,2024-08-09,21,Restaurant,Other,51337160,FALSE,4
23685254,2025-02-12,17,Restaurant,Other,29765662,FALSE,11
20788683,2024-07-25,14,Restaurant,Other,97122127,FALSE,2
3151967,2025-01-05,18,Restaurant,Other,9460991,FALSE,2
12397694,2024-11-13,20,Restaurant,Other,36749033,FALSE,11
52230186,2024-11-02,18,Restaurant,Other,7428222,FALSE,9
60116381,2024-06-09,11,Restaurant,Other,65823573,FALSE,12
60147739,2024-06-11,13,Restaurant,Other,21608936,FALSE,9
94588999,2025-04-11,18,Restaurant,Other,872384,FALSE,9
21692879,2024-09-24,12,Restaurant,Other,89701281,FALSE,7
31105463,2024-08-13,21,Restaurant,Other,67639338,FALSE,11
42870033,2024-12-15,16,Restaurant,Other,5374140,FALSE,7
1833247,2024-10-04,19,Restaurant,Other,28619210,FALSE,6
41370069,2024-08-31,22,ODC,Other,4202834,FALSE,7
21773233,2024-09-29,20,ODC,Other,64245065,FALSE,20
44366202,2025-03-28,19,Restaurant,Other,5077243,FALSE,5
70836666,2024-07-28,16,Restaurant,Other,2733742,FALSE,9
82312922,2024-11-08,13,Restaurant,Other,44528660,FALSE,5
14682032,2025-04-17,17,Restaurant,Other,22860818,FALSE,8
61452455,2024-09-06,22,Restaurant,Other,63059400,FALSE,3
61340094,2024-08-30,10,Restaurant,Other,997659,FALSE,7
32190946,2024-10-30,21,Restaurant,Other,66526912,FALSE,2
83737168,2025-02-15,20,Restaurant,Other,48225998,FALSE,12
70628512,2024-07-14,12,Restaurant,Other,76591548,FALSE,8
60970884,2024-08-05,22,Restaurant,Other,20521703,FALSE,9
3909719,2025-02-27,12,Restaurant,Other,8329230,FALSE,13
72891859,2024-12-17,10,Restaurant,Other,20827764,FALSE,18
93187204,2025-01-08,12,Restaurant,Other,9349577,FALSE,9
81987831,2024-10-16,14,Restaurant,Other,26024359,FALSE,1
83018584,2024-12-27,11,Restaurant,Other,42599806,FALSE,6
1965423,2024-10-14,17,Restaurant,Other,8090922,FALSE,4
62095181,2024-10-24,12,Restaurant,Other,6839592,FALSE,9
42405869,2024-11-14,15,Restaurant,Other,52732498,FALSE,11
42734888,2024-12-06,14,Restaurant,Brand A,8634923,FALSE,2
23933431,2025-02-28,20,Restaurant,Other,52442858,FALSE,9
70048876,2024-06-04,12,Restaurant,Other,58508522,FALSE,9
74192231,2025-03-17,11,Restaurant,Other,7955751,FALSE,9
71537000,2024-09-13,11,Restaurant,Other,2142476,FALSE,10
83320545,2025-01-17,19,Restaurant,Other,9144474,FALSE,7
24535103,2025-04-07,20,ODC,Other,75858796,FALSE,13
60130960,2024-06-09,23,Restaurant,Other,57204714,FALSE,11
11541889,2024-09-13,16,Restaurant,Other,38648926,FALSE,4
13305496,2025-01-16,19,Restaurant,Other,2268854,FALSE,9
363567,2024-06-25,20,Restaurant,Other,57375629,FALSE,5
93402299,2025-01-23,15,Restaurant,Brand A,3827642,FALSE,9
34896496,2025-04-30,21,Restaurant,Other,66432512,FALSE,7
90898869,2024-08-01,19,Restaurant,Other,86240259,FALSE,2
50786958,2024-07-25,13,Restaurant,Other,3537839,FALSE,9
2498548,2024-11-20,15,Restaurant,Other,7024131,FALSE,9
93732098,2025-02-15,17,Restaurant,Other,75889417,FALSE,2
21196633,2024-08-19,18,Restaurant,Other,23404858,FALSE,5
22551936,2024-11-24,1,Restaurant,Other,49379019,FALSE,12
51322586,2024-08-28,19,Restaurant,Other,36491395,FALSE,11
34031239,2025-03-07,12,Restaurant,Other,84123953,FALSE,7
53018187,2024-12-27,10,Restaurant,Other,3005773,FALSE,9
92716740,2024-12-05,11,Restaurant,Other,89251026,FALSE,7
4288830,2025-03-23,16,Restaurant,Other,65381056,FALSE,12
62257757,2024-11-04,12,Restaurant,Other,3321536,FALSE,9
64392846,2025-03-30,12,Restaurant,Other,40946229,FALSE,9
83285499,2025-01-15,12,Restaurant,Other,5553926,FALSE,5
32073227,2024-10-22,15,ODC,Other,2860583,FALSE,15
82326132,2024-11-09,12,Restaurant,Brand A,3630027,FALSE,5
52907261,2024-12-18,12,Restaurant,Other,74950300,FALSE,4
93301644,2025-01-16,15,Restaurant,Other,4853564,FALSE,2
53352289,2025-01-19,18,ODC,Other,86822669,FALSE,12
83783577,2025-02-18,20,Restaurant,Other,28732996,FALSE,7
54497139,2025-04-05,19,Restaurant,Other,4102324,FALSE,9
73411758,2025-01-24,12,Restaurant,Other,6424840,FALSE,7
73771928,2025-02-17,21,Restaurant,Other,54202446,FALSE,5
41199317,2024-08-19,20,Restaurant,Other,627600,FALSE,5
20905619,2024-08-02,12,Restaurant,Other,30696201,FALSE,15
61975844,2024-10-15,15,Restaurant,Other,67770069,FALSE,9
53347911,2025-01-19,15,ODC,Other,68663825,FALSE,6
32227703,2024-11-02,14,Restaurant,Other,697291,FALSE,5
34524374,2025-04-07,11,Restaurant,Brand A,5693184,FALSE,3
52456420,2024-11-17,17,Restaurant,Other,3121244,FALSE,11
84220566,2025-03-19,12,Restaurant,Other,175354,FALSE,9
83500862,2025-01-30,20,Restaurant,Other,38669333,FALSE,10
2579147,2024-11-25,18,Restaurant,Other,318987,FALSE,9
62788043,2024-12-09,18,Restaurant,Other,57445375,FALSE,2
33855150,2025-02-23,16,Restaurant,Other,85422083,FALSE,6
71510091,2024-09-11,7,Restaurant,Other,61145145,FALSE,10
64064453,2025-03-09,11,Restaurant,Other,27747998,FALSE,7
12717917,2024-12-05,12,Restaurant,Other,62875581,FALSE,4
1464107,2024-09-07,19,Restaurant,Other,20822610,FALSE,16
22720836,2024-12-05,14,Restaurant,Other,59971867,FALSE,19
23249916,2025-01-12,17,Restaurant,Other,78318494,FALSE,9
91923099,2024-10-11,17,Restaurant,Other,37406849,FALSE,9
74521859,2025-04-06,22,Restaurant,Other,22889195,FALSE,7
30142720,2024-06-10,21,Restaurant,Other,97431,FALSE,7
440842,2024-06-30,20,Restaurant,Other,3939294,FALSE,9
91304808,2024-08-27,13,Restaurant,Other,34852980,FALSE,4
990444,2024-08-07,13,Restaurant,Other,1098652,FALSE,6
42935616,2024-12-20,16,Restaurant,Other,34409192,FALSE,6
14707760,2025-04-18,23,Restaurant,Brand A,497186,FALSE,4
61636579,2024-09-20,15,ODC,Other,5080000,FALSE,6
12359332,2024-11-11,8,Restaurant,Other,41547412,FALSE,16
64663658,2025-04-16,12,Restaurant,Other,7415521,FALSE,4
11811167,2024-10-03,9,Restaurant,Other,2042684,FALSE,3
271776,2024-06-19,19,Restaurant,Other,130729,FALSE,11
34364994,2025-03-28,18,Restaurant,Other,6440309,FALSE,10
20034187,2024-06-03,11,Restaurant,Other,8256025,FALSE,9
12919184,2024-12-19,12,Restaurant,Other,4935223,FALSE,9
61154577,2024-08-17,12,Restaurant,Other,75345452,FALSE,4
23029663,2024-12-28,7,Restaurant,Brand A,86009468,TRUE,11
81955867,2024-10-13,19,Restaurant,Other,42115670,FALSE,6
51436695,2024-09-05,20,Restaurant,Other,9976858,FALSE,4
93883697,2025-02-25,13,Restaurant,Other,86363004,FALSE,7
40049442,2024-06-04,13,Restaurant,Other,29571832,FALSE,9
23853202,2025-02-23,14,Restaurant,Other,2128474,FALSE,5
22757930,2024-12-07,20,Restaurant,Other,86286385,FALSE,6
30731830,2024-07-21,14,Restaurant,Other,3796195,FALSE,9
52164442,2024-10-28,20,ODC,Other,22852830,FALSE,2
93802558,2025-02-20,12,Restaurant,Other,20314455,FALSE,11
53777578,2025-02-18,14,Restaurant,Other,35573395,FALSE,11
82669619,2024-12-01,19,ODC,Other,3105806,FALSE,9
42126216,2024-10-26,14,ODC,Other,1067455,FALSE,13
60171389,2024-06-13,11,Restaurant,Other,84178344,FALSE,6
63844151,2025-02-22,20,Restaurant,Other,8014093,FALSE,5
23607225,2025-02-07,14,Restaurant,Other,62757872,FALSE,7
64020665,2025-03-06,16,ODC,Other,94609390,FALSE,7
62488190,2024-11-19,19,Restaurant,Other,360185,FALSE,5
81828663,2024-10-04,13,Restaurant,Other,25475956,FALSE,5
955443,2024-08-04,20,Restaurant,Other,8317582,FALSE,16
21142928,2024-08-16,15,Restaurant,Other,37874472,FALSE,1
92028365,2024-10-19,14,Restaurant,Other,46018833,FALSE,13
419231,2024-06-29,18,Restaurant,Other,84669670,FALSE,6
73743911,2025-02-16,12,Restaurant,Other,346764,FALSE,2
30086180,2024-06-07,11,Restaurant,Other,98317937,FALSE,7
74523139,2025-04-07,9,Restaurant,Other,29569869,FALSE,6
44038736,2025-03-07,18,Restaurant,Other,2326024,FALSE,17
70611350,2024-07-13,11,Restaurant,Other,85378255,FALSE,6
40735896,2024-07-21,18,Restaurant,Other,4543362,FALSE,5
93475552,2025-01-28,18,Restaurant,Other,24127725,FALSE,7
70766851,2024-07-23,20,ODC,Other,25209284,FALSE,12
54025063,2025-03-06,19,Restaurant,Other,29792150,FALSE,18
24322044,2025-03-25,19,Restaurant,Other,25593386,FALSE,19
82178913,2024-10-30,10,Restaurant,Other,3490679,FALSE,9
53965815,2025-03-02,18,Restaurant,Other,9781614,FALSE,12
71592177,2024-09-16,20,Restaurant,Other,4972920,FALSE,10
70117531,2024-06-09,12,Restaurant,Other,2433747,FALSE,12
10970171,2024-08-05,21,Restaurant,Other,38645125,FALSE,10
50050762,2024-06-04,14,Restaurant,Other,2664749,FALSE,10
41022031,2024-08-09,12,Restaurant,Other,6646751,FALSE,5
14273179,2025-03-22,18,Restaurant,Other,65420037,FALSE,11
91891030,2024-10-08,20,Restaurant,Other,80836719,FALSE,5
10310940,2024-06-22,14,Restaurant,Other,9270925,FALSE,9
4478593,2025-04-04,18,Restaurant,Other,4603979,FALSE,9
73487765,2025-01-29,20,Restaurant,Brand A,7132284,FALSE,1
52217302,2024-11-01,19,Restaurant,Other,38612183,FALSE,6
21800097,2024-10-02,11,Restaurant,Other,86920479,FALSE,9
33215856,2025-01-10,13,Restaurant,Other,78760537,FALSE,7
71685749,2024-09-23,18,ODC,Other,3117596,FALSE,5
20027826,2024-06-02,19,Restaurant,Other,90421226,FALSE,18
92411606,2024-11-14,20,Restaurant,Other,638319,FALSE,6
11963801,2024-10-14,15,Restaurant,Other,65778869,FALSE,9
34714015,2025-04-19,13,Restaurant,Other,5977378,FALSE,19
23969957,2025-03-02,20,Restaurant,Other,2078943,FALSE,5
31375217,2024-09-01,13,Restaurant,Other,80646612,FALSE,5
21553537,2024-09-14,13,Restaurant,Other,56811871,FALSE,9
32186158,2024-10-30,18,ODC,Other,50201944,FALSE,1
14117652,2025-03-12,18,Restaurant,Other,55024225,FALSE,11
50131877,2024-06-10,11,Restaurant,Other,98693561,FALSE,15
52057499,2024-10-21,11,Restaurant,Other,74649005,FALSE,9
44087061,2025-03-10,14,ODC,Other,78898243,FALSE,7
82483022,2024-11-19,13,Restaurant,Other,36972288,FALSE,9
52201458,2024-10-31,18,Restaurant,Other,73763751,FALSE,5
80455563,2024-07-01,20,Restaurant,Other,58932195,FALSE,13
93715137,2025-02-14,17,Restaurant,Other,3522882,FALSE,6
61839212,2024-10-05,11,ODC,Other,7427534,FALSE,7
24023965,2025-03-06,19,Restaurant,Other,91814710,FALSE,1
10093009,2024-06-07,18,Restaurant,Other,7426137,FALSE,9
22618078,2024-11-28,15,Restaurant,Other,82488366,FALSE,5
24204882,2025-03-18,10,Restaurant,Other,25057685,FALSE,5
31899161,2024-10-09,18,Restaurant,Other,78318031,FALSE,7
4706119,2025-04-18,20,Restaurant,Other,8392717,FALSE,8
22368349,2024-11-11,19,Restaurant,Other,2823209,FALSE,6
70653664,2024-07-15,20,Restaurant,Other,50452519,FALSE,5
64321086,2025-03-25,18,ODC,Other,49866292,FALSE,1
64013287,2025-03-05,21,Restaurant,Other,4429448,FALSE,12
74649250,2025-04-15,12,Restaurant,Other,25316805,FALSE,9
61913005,2024-10-10,19,Restaurant,Other,32210416,FALSE,17
54318342,2025-03-25,14,Restaurant,Other,23730581,FALSE,5
63467435,2025-01-27,22,Restaurant,Other,90525206,FALSE,8
33052526,2024-12-29,19,Restaurant,Other,93040826,FALSE,3
20307231,2024-06-22,11,Restaurant,Other,35349212,FALSE,7
41120727,2024-08-14,21,Restaurant,Other,55311053,FALSE,5
81537752,2024-09-13,12,Restaurant,Other,89019069,FALSE,7
83598204,2025-02-06,19,Restaurant,Brand A,4436217,FALSE,9
91194431,2024-08-19,16,Restaurant,Other,88369279,FALSE,11
24846608,2025-04-27,18,Restaurant,Other,3826152,FALSE,13
74418369,2025-03-31,18,Restaurant,Other,8089186,FALSE,5
13833136,2025-02-22,12,Restaurant,Other,4455207,FALSE,5
51207418,2024-08-20,17,Restaurant,Other,1652061,FALSE,9
70524147,2024-07-06,20,Restaurant,Other,40298718,FALSE,4
915861,2024-08-02,20,Restaurant,Other,467637,FALSE,9
30288115,2024-06-20,20,Restaurant,Other,61097904,FALSE,16
30168567,2024-06-12,20,Restaurant,Other,21335205,FALSE,6
74035350,2025-03-07,15,Restaurant,Other,7818678,FALSE,9
62158804,2024-10-28,16,Restaurant,Other,75812079,FALSE,9
23301784,2025-01-16,15,Restaurant,Other,33611460,FALSE,11
82084746,2024-10-23,13,Restaurant,Other,2270547,FALSE,6
72326666,2024-11-09,12,Restaurant,Other,86471,FALSE,6
63784929,2025-02-18,21,Restaurant,Other,21587219,FALSE,5
34472686,2025-04-04,12,ODC,Other,21394457,FALSE,12
84760762,2025-04-22,12,Restaurant,Other,612894,FALSE,13
31201130,2024-08-20,9,Restaurant,Other,92764050,FALSE,5
64475305,2025-04-04,15,Restaurant,Other,4963739,FALSE,8
14218107,2025-03-19,0,Restaurant,Other,5836200,FALSE,11
93765966,2025-02-17,17,Restaurant,Other,38898558,FALSE,11
34648998,2025-04-15,12,Restaurant,Other,5735617,FALSE,5
51188032,2024-08-18,23,Restaurant,Other,78377962,FALSE,11
64869175,2025-04-29,0,Restaurant,Other,6683134,FALSE,5
82701651,2024-12-04,10,Restaurant,Brand A,20554513,FALSE,7
14755364,2025-04-21,20,Restaurant,Other,7932465,FALSE,11
2549628,2024-11-23,20,Restaurant,Other,88059762,FALSE,6
1502847,2024-09-10,14,Restaurant,Other,9325022,FALSE,9
20260180,2024-06-18,20,Restaurant,Other,8848550,FALSE,7
34230486,2025-03-19,21,Restaurant,Other,77834931,FALSE,4
72820404,2024-12-12,11,Restaurant,Other,29726848,FALSE,5
51690511,2024-09-24,9,Restaurant,Other,31668199,FALSE,13
11245552,2024-08-23,14,Restaurant,Other,2260898,FALSE,9
73395137,2025-01-22,21,Restaurant,Other,3050452,FALSE,15
30106010,2024-06-08,16,Restaurant,Other,28139241,FALSE,9
60189835,2024-06-14,13,Restaurant,Other,30684071,FALSE,13
44471508,2025-04-04,12,Restaurant,Other,43471737,FALSE,5
84166703,2025-03-15,19,Restaurant,Other,80322337,FALSE,5
54405534,2025-03-30,20,Restaurant,Other,2357322,TRUE,16
80500380,2024-07-05,13,Restaurant,Other,6809360,FALSE,4
70525349,2024-07-06,22,Restaurant,Other,3304488,FALSE,7
64617323,2025-04-13,12,Restaurant,Other,38445709,FALSE,8
34769720,2025-04-22,21,Restaurant,Other,21440659,FALSE,10
22830607,2024-12-12,20,Restaurant,Other,94182208,FALSE,7
54182519,2025-03-16,18,Restaurant,Other,5905816,FALSE,4
20713148,2024-07-20,13,Restaurant,Other,2784037,FALSE,10
10122225,2024-06-09,16,Restaurant,Other,9016073,FALSE,13
42701081,2024-12-04,8,Restaurant,Brand A,88501005,FALSE,9
51086315,2024-08-12,18,Restaurant,Other,24101241,FALSE,9
2800233,2024-12-10,17,Restaurant,Other,84123953,FALSE,7
54596806,2025-04-12,10,Restaurant,Other,29370284,FALSE,4
1417338,2024-09-04,14,Restaurant,Other,70064429,FALSE,10
70669332,2024-07-17,11,Restaurant,Other,44488368,FALSE,11
64380019,2025-03-29,16,Restaurant,Other,20728552,FALSE,9
61801325,2024-10-02,12,Restaurant,Other,6964753,FALSE,7
12393550,2024-11-13,18,Restaurant,Other,24711538,FALSE,11
62662760,2024-12-01,13,Restaurant,Other,68068487,FALSE,13
84499266,2025-04-05,20,Restaurant,Other,6809330,FALSE,13
51906127,2024-10-10,12,Restaurant,Other,2202002,FALSE,4
23596966,2025-02-06,19,Restaurant,Other,67872743,FALSE,13
21521828,2024-09-11,21,Restaurant,Other,41812007,FALSE,5
20142644,2024-06-10,21,Restaurant,Other,4936935,FALSE,12
62734014,2024-12-06,13,Restaurant,Other,6531627,FALSE,7
2484575,2024-11-19,14,Restaurant,Brand A,6275224,FALSE,9
71815854,2024-10-03,14,Restaurant,Other,43118760,FALSE,10
83197381,2025-01-08,21,Restaurant,Other,59600471,FALSE,5
70780079,2024-07-24,19,Restaurant,Other,29765684,FALSE,10
63491749,2025-01-30,11,Restaurant,Brand A,2502874,FALSE,4
53381881,2025-01-21,20,Restaurant,Other,73916084,TRUE,1
82035007,2024-10-19,19,Restaurant,Other,25050010,FALSE,9
62622248,2024-11-28,19,Restaurant,Other,40534263,FALSE,11
80790471,2024-07-25,18,Restaurant,Other,20206635,FALSE,6
91248787,2024-08-23,18,Restaurant,Other,20487793,FALSE,9
30465730,2024-07-02,19,Restaurant,Other,24170328,FALSE,4
60812423,2024-07-27,10,Restaurant,Other,93683414,FALSE,3
1712022,2024-09-25,19,Restaurant,Other,2070390,FALSE,12
24212883,2025-03-18,18,Restaurant,Brand A,6160369,FALSE,9
23472503,2025-01-28,14,ODC,Other,84308212,FALSE,7
3497183,2025-01-30,17,ODC,Other,3343736,FALSE,9
71290603,2024-08-26,12,Restaurant,Other,31426857,FALSE,5
33345575,2025-01-19,13,ODC,Other,24589388,FALSE,9
2935498,2024-12-20,16,Restaurant,Other,62239539,FALSE,9
20683859,2024-07-18,12,Restaurant,Other,9592533,FALSE,7
74467294,2025-04-03,21,Restaurant,Other,46647116,FALSE,5
21603955,2024-09-17,20,Restaurant,Other,32259317,FALSE,1
41835164,2024-10-04,20,Restaurant,Other,5407918,FALSE,3
23142580,2025-01-05,9,Restaurant,Other,49258991,FALSE,9
24465731,2025-04-03,20,Restaurant,Other,2779457,FALSE,6
84086563,2025-03-10,13,Restaurant,Other,21829915,FALSE,12
91144808,2024-08-16,18,Restaurant,Other,61747087,FALSE,12
63943611,2025-03-01,15,Restaurant,Other,26512563,FALSE,9
92744429,2024-12-06,23,Restaurant,Other,72855946,FALSE,5
71141232,2024-08-16,13,Restaurant,Other,641941,FALSE,9
42149941,2024-10-27,19,ODC,Other,3360438,FALSE,9
40659219,2024-07-16,13,Restaurant,Other,28108052,FALSE,1
83230273,2025-01-11,15,Restaurant,Other,7330280,FALSE,13
2038290,2024-10-19,22,Restaurant,Other,95924687,FALSE,6
54588355,2025-04-11,18,Restaurant,Other,4912038,FALSE,5
90964167,2024-08-05,16,ODC,Other,31426630,FALSE,5
23097712,2025-01-01,19,ODC,Other,43803215,FALSE,9
91010399,2024-08-08,17,Restaurant,Other,1542626,FALSE,12
24313312,2025-03-25,8,Restaurant,Brand A,87984943,FALSE,1
22597980,2024-11-26,23,Restaurant,Other,44571898,FALSE,9
70911574,2024-08-02,18,Restaurant,Other,69515606,FALSE,11
43112921,2025-01-02,23,ODC,Other,4933677,FALSE,7
60820130,2024-07-27,17,Restaurant,Other,5801821,FALSE,16
30908325,2024-08-02,14,Restaurant,Other,2187330,FALSE,7
64302265,2025-03-24,12,Restaurant,Other,20359298,FALSE,9
92873586,2024-12-15,19,Restaurant,Other,9724043,FALSE,20
83004268,2024-12-25,19,Restaurant,Other,4006057,FALSE,5
12949406,2024-12-21,17,Restaurant,Other,3065567,FALSE,5
30918766,2024-08-03,9,Restaurant,Other,2080132,FALSE,13
43195479,2025-01-08,19,Restaurant,Other,2144718,FALSE,2
74702193,2025-04-18,18,Restaurant,Brand A,2248319,FALSE,11
84487948,2025-04-05,11,Restaurant,Other,38416637,FALSE,12
40846502,2024-07-29,0,Restaurant,Other,2361052,FALSE,9
81376876,2024-09-01,14,Restaurant,Other,6929003,FALSE,13
84588090,2025-04-11,17,Restaurant,Other,1652006,FALSE,2
54124409,2025-03-13,11,Restaurant,Other,46165691,FALSE,7
165187,2024-06-12,18,Restaurant,Other,3572891,FALSE,13
20152481,2024-06-11,18,Restaurant,Other,318388,FALSE,7
23387084,2025-01-22,13,Restaurant,Other,5554446,FALSE,9
90303527,2024-06-21,20,Restaurant,Other,5889127,FALSE,6
13507157,2025-01-31,13,Restaurant,Brand A,5025704,FALSE,11
31649900,2024-09-21,14,Restaurant,Other,9167475,FALSE,11
74260172,2025-03-21,20,Restaurant,Other,38578252,FALSE,15
62274096,2024-11-05,17,Restaurant,Other,43130582,FALSE,9
62780012,2024-12-09,9,ODC,Other,7192825,FALSE,9
61672147,2024-09-22,18,Restaurant,Other,86920479,FALSE,9
13893178,2025-02-26,10,Restaurant,Brand A,80755695,FALSE,13
40055270,2024-06-04,19,Restaurant,Other,58838897,FALSE,4
10767506,2024-07-23,20,Restaurant,Other,5312098,FALSE,9
53209149,2025-01-09,19,Restaurant,Other,1880588,FALSE,17
1162851,2024-08-17,18,Restaurant,Other,44520707,FALSE,6
30470081,2024-07-03,11,Restaurant,Other,74649005,FALSE,9
42818878,2024-12-11,22,Restaurant,Other,56378625,FALSE,6
24055907,2025-03-08,18,Restaurant,Other,574088,FALSE,13
84149118,2025-03-14,19,ODC,Other,4030128,FALSE,9
1684796,2024-09-23,18,Restaurant,Other,962005,FALSE,19
42084253,2024-10-23,13,Restaurant,Other,2288360,FALSE,5
34505335,2025-04-06,11,Restaurant,Other,43683507,FALSE,3
23802612,2025-02-20,12,Restaurant,Other,9541332,FALSE,5
94247955,2025-03-21,11,Restaurant,Other,30112154,FALSE,5
90896817,2024-08-01,18,Restaurant,Other,58277461,FALSE,19
94465552,2025-04-03,20,Restaurant,Other,5857647,FALSE,9
1834841,2024-10-04,19,Restaurant,Other,2652910,FALSE,4
71459267,2024-09-07,14,Restaurant,Other,29737439,FALSE,5
30105800,2024-06-08,15,Restaurant,Other,49499368,FALSE,6
14580018,2025-04-11,10,Restaurant,Other,9081519,FALSE,2
54688858,2025-04-17,22,Restaurant,Other,68098529,FALSE,5
94094278,2025-03-10,21,Restaurant,Other,39183725,FALSE,11
10870311,2024-07-30,19,Restaurant,Other,92242778,FALSE,4
64655001,2025-04-15,18,Restaurant,Other,22491009,FALSE,6
30715875,2024-07-20,15,Restaurant,Other,24521651,FALSE,9
24622386,2025-04-13,16,Restaurant,Other,291249700,FALSE,9
30577401,2024-07-10,19,Restaurant,Other,9329784,FALSE,9
64441921,2025-04-02,12,Restaurant,Other,5807973,FALSE,6
10521616,2024-07-06,19,Restaurant,Other,9184037,FALSE,6
71235826,2024-08-22,19,Restaurant,Other,3217988,FALSE,3
14061438,2025-03-08,22,Restaurant,Other,75903,FALSE,2
30842231,2024-07-28,19,Restaurant,Other,2539691,FALSE,7
20442611,2024-06-30,21,Restaurant,Other,20825688,FALSE,9
94330813,2025-03-26,12,Restaurant,Other,4110795,FALSE,7
94572151,2025-04-10,17,Restaurant,Other,8657482,FALSE,7
32039066,2024-10-20,9,Restaurant,Other,97982202,FALSE,7
61343714,2024-08-30,13,Restaurant,Other,28165942,FALSE,2
10900073,2024-08-01,20,Restaurant,Other,25785768,FALSE,5
71370906,2024-09-01,9,Restaurant,Other,5449264,FALSE,11
24107550,2025-03-11,20,Restaurant,Other,674572,FALSE,5
61208664,2024-08-20,18,Restaurant,Other,28936878,FALSE,16
53014525,2024-12-26,19,Restaurant,Other,46205720,FALSE,6
3663342,2025-02-10,20,Restaurant,Other,7426270,FALSE,19
70992728,2024-08-07,15,Restaurant,Other,67440131,FALSE,17
70987336,2024-08-07,11,Restaurant,Other,33006507,FALSE,13
41112476,2024-08-14,15,Restaurant,Other,2665307,FALSE,5
20758730,2024-07-23,12,Restaurant,Other,21607482,FALSE,3
61878909,2024-10-07,20,Restaurant,Other,4901446,FALSE,2
10845725,2024-07-28,21,Restaurant,Other,686694,FALSE,5
34761030,2025-04-22,13,Restaurant,Other,94849994,FALSE,6
13948686,2025-03-01,19,Restaurant,Other,43842667,FALSE,10
74570396,2025-04-10,14,Restaurant,Other,59019013,FALSE,4
50439204,2024-06-30,19,Restaurant,Other,78569812,FALSE,9
61234966,2024-08-22,18,Restaurant,Other,70679420,FALSE,2
54255933,2025-03-21,18,Restaurant,Other,4886916,FALSE,5
52177474,2024-10-29,21,Restaurant,Other,6662990,FALSE,7
73155380,2025-01-05,19,Restaurant,Other,66629130,FALSE,9
81879945,2024-10-07,21,Restaurant,Other,73914975,FALSE,9
92573696,2024-11-25,12,Restaurant,Other,8576282,FALSE,4
31449639,2024-09-06,19,Restaurant,Other,87878473,FALSE,14
91885005,2024-10-08,13,Restaurant,Other,37163410,FALSE,11
33595084,2025-02-06,17,Restaurant,Other,4900530,FALSE,7
60012061,2024-06-01,19,Restaurant,Other,47576295,FALSE,5
64016248,2025-03-06,12,Restaurant,Other,41702346,FALSE,5
93016406,2024-12-26,20,Restaurant,Other,6169531,FALSE,16
33999067,2025-03-04,20,Restaurant,Other,8757909,FALSE,2
50270772,2024-06-19,18,Restaurant,Other,4218487,FALSE,11
43457094,2025-01-27,11,Restaurant,Other,63460875,FALSE,9
40936433,2024-08-04,1,Restaurant,Other,2976896,FALSE,13
44868574,2025-04-28,21,Restaurant,Brand A,4995871,FALSE,17
42214911,2024-11-01,17,Restaurant,Other,9634219,FALSE,5
84012012,2025-03-05,20,Restaurant,Other,8210269,FALSE,9
52907075,2024-12-18,12,Restaurant,Other,616905,FALSE,16
90961668,2024-08-05,13,Restaurant,Other,3939592,FALSE,6
34355669,2025-03-28,1,Restaurant,Brand A,26771052,FALSE,12
60036536,2024-06-03,12,Restaurant,Other,96327803,FALSE,7
91419361,2024-09-04,17,Restaurant,Other,2822242,FALSE,5
82114492,2024-10-25,18,Restaurant,Other,7339044,FALSE,9
24547290,2025-04-08,19,Restaurant,Other,4754556,FALSE,5
50493777,2024-07-04,20,Restaurant,Other,20209961,FALSE,19
52342245,2024-11-10,11,Restaurant,Other,9026098,FALSE,6
92591191,2024-11-26,17,Restaurant,Other,3206439,FALSE,2
40975360,2024-08-06,13,Restaurant,Other,27143212,FALSE,10
42912690,2024-12-18,19,Restaurant,Other,38908470,FALSE,8
4442807,2025-04-02,12,ODC,Other,4785623,FALSE,12
22016812,2024-10-18,18,Restaurant,Other,6972500,FALSE,9
42270756,2024-11-05,12,Restaurant,Other,29053033,FALSE,6
53844091,2025-02-22,20,Restaurant,Other,43287411,FALSE,1
82654394,2024-11-30,20,Restaurant,Other,2949406,FALSE,5
2765121,2024-12-08,12,Restaurant,Other,2267884,FALSE,5
12920948,2024-12-19,13,Restaurant,Other,25913497,FALSE,2
74283495,2025-03-23,12,Restaurant,Other,91931785,FALSE,2
2061519,2024-10-21,16,Restaurant,Other,73869453,FALSE,2
63177249,2025-01-07,14,Restaurant,Other,47780641,FALSE,7
10857394,2024-07-29,20,ODC,Other,75727070,FALSE,6
93517534,2025-02-01,10,Restaurant,Other,4729502,FALSE,9
70876869,2024-07-31,13,Restaurant,Other,3826291,FALSE,9
3083511,2025-01-01,0,Restaurant,Brand A,9862203,FALSE,9
10486852,2024-07-04,13,ODC,Other,47163997,FALSE,9
41161857,2024-08-17,18,Restaurant,Other,31159117,FALSE,2
12464756,2024-11-17,21,Restaurant,Other,3699893,FALSE,9
23419533,2025-01-24,19,Restaurant,Other,32330122,FALSE,9
24372005,2025-03-29,7,Restaurant,Other,6760121,FALSE,5
21186978,2024-08-18,21,Restaurant,Other,9419211,FALSE,1
70595953,2024-07-12,11,Restaurant,Other,29258500,FALSE,4
90328304,2024-06-23,14,ODC,Other,85622258,FALSE,6
33540189,2025-02-02,17,Restaurant,Other,25299106,FALSE,6
93427906,2025-01-25,12,Restaurant,Other,7762474,FALSE,9
54761945,2025-04-22,13,Restaurant,Other,29535698,FALSE,9
13699262,2025-02-13,16,Restaurant,Other,40560798,FALSE,1
53184533,2025-01-07,21,Restaurant,Other,8875409,FALSE,12
34675466,2025-04-17,11,Restaurant,Other,23271304,FALSE,5
72295628,2024-11-07,11,Restaurant,Other,36927916,FALSE,7
14064472,2025-03-09,11,Restaurant,Other,49059133,FALSE,15
10613560,2024-07-13,12,Restaurant,Other,6298822,FALSE,9
74193873,2025-03-17,12,Restaurant,Other,5216488,FALSE,4
64288132,2025-03-23,15,Restaurant,Other,230567,FALSE,19
73607940,2025-02-07,15,Restaurant,Other,2921810,FALSE,13
10415579,2024-06-29,15,Restaurant,Other,2820752,FALSE,5
22279252,2024-11-05,20,Restaurant,Other,20164033,FALSE,11
60230195,2024-06-16,20,Restaurant,Other,59489864,FALSE,5
12801252,2024-12-10,18,Restaurant,Other,77701280,FALSE,7
24133919,2025-03-13,19,Restaurant,Other,864926,FALSE,9
90200575,2024-06-15,11,Restaurant,Other,65778765,FALSE,11
82330803,2024-11-09,16,Restaurant,Other,2174058,FALSE,5
90834846,2024-07-28,14,Restaurant,Other,1625947,FALSE,6
12971774,2024-12-23,12,Restaurant,Other,60056383,FALSE,6
52692714,2024-12-03,13,Restaurant,Other,93546559,FALSE,7
1528948,2024-09-12,17,Restaurant,Other,5100301,FALSE,4
33902427,2025-02-26,19,Restaurant,Other,21747615,FALSE,7
42200698,2024-10-31,17,Restaurant,Other,25373734,FALSE,20
21238855,2024-08-22,21,Restaurant,Other,9464439,FALSE,16
43227181,2025-01-11,12,Restaurant,Other,80586313,FALSE,8
83032459,2024-12-28,12,Restaurant,Other,70492154,FALSE,6
32573020,2024-11-25,12,Restaurant,Other,47661804,FALSE,12
92796501,2024-12-10,12,Restaurant,Other,4198989,FALSE,4
84076441,2025-03-09,19,Restaurant,Other,22893577,FALSE,11
61787369,2024-10-01,11,Restaurant,Other,86064516,FALSE,11
70299862,2024-06-21,18,Restaurant,Other,25745576,FALSE,9
93785014,2025-02-18,21,Restaurant,Other,92014329,FALSE,5
50371819,2024-06-26,15,Restaurant,Other,38583064,FALSE,9
3580586,2025-02-05,16,Restaurant,Other,95457589,FALSE,9
10847237,2024-07-29,10,Restaurant,Other,9167200,FALSE,14
83564152,2025-02-04,12,Restaurant,Other,92497735,FALSE,13
31014125,2024-08-08,19,Restaurant,Other,4929126,FALSE,10
64052967,2025-03-08,16,Restaurant,Other,4948544,FALSE,11
41940134,2024-10-12,19,Restaurant,Other,69565391,FALSE,12
1399452,2024-09-02,21,Restaurant,Other,1509909,FALSE,6
2763013,2024-12-08,11,Restaurant,Other,9575498,FALSE,2
73723337,2025-02-15,2,Restaurant,Brand A,1090359,FALSE,17
90231209,2024-06-16,21,Restaurant,Other,63074693,FALSE,16
14075781,2025-03-09,19,Restaurant,Other,8586013,FALSE,6
50938290,2024-08-04,11,Restaurant,Other,8068826,FALSE,13
50637134,2024-07-14,18,Restaurant,Other,4416561,FALSE,16
51765648,2024-09-29,17,Restaurant,Other,58210868,FALSE,3
10762283,2024-07-23,16,Restaurant,Other,2042657,FALSE,9
11376495,2024-09-01,14,Restaurant,Other,26363562,FALSE,11
43286266,2025-01-15,13,Restaurant,Other,3730224,FALSE,16
11782259,2024-09-30,18,Restaurant,Other,7683333,FALSE,12
4187934,2025-03-16,20,Restaurant,Other,5826636,FALSE,9
30895716,2024-08-01,18,Restaurant,Other,21075074,FALSE,1
73188061,2025-01-08,12,Restaurant,Other,83936418,FALSE,2
42849740,2024-12-14,12,Restaurant,Other,2934715,FALSE,5
73748996,2025-02-16,16,Restaurant,Other,9939254,FALSE,6
83513707,2025-01-31,19,Restaurant,Other,22155965,FALSE,2
84568333,2025-04-10,12,Restaurant,Other,78895734,FALSE,7
81953812,2024-10-13,18,Restaurant,Other,750405,FALSE,5
32397851,2024-11-13,20,Restaurant,Other,37453080,FALSE,11
10661801,2024-07-16,17,Restaurant,Other,4110061,FALSE,11
14724878,2025-04-20,1,Restaurant,Other,94649767,FALSE,5
901573,2024-08-01,22,Restaurant,Other,99076624,FALSE,9
2816487,2024-12-11,19,Restaurant,Other,24248086,FALSE,4
72520511,2024-11-22,8,Restaurant,Other,4496806,FALSE,9
64505423,2025-04-06,11,Restaurant,Other,715390,FALSE,11
50063561,2024-06-05,14,Restaurant,Other,4039119,FALSE,7
73438327,2025-01-25,21,Restaurant,Other,24183463,FALSE,11
73886997,2025-02-25,18,Restaurant,Other,54960478,FALSE,11
22605937,2024-11-27,18,Restaurant,Other,40534676,FALSE,5
61041335,2024-08-10,11,Restaurant,Other,710723,FALSE,9
74185926,2025-03-16,19,Restaurant,Other,38571247,FALSE,9
93472049,2025-01-28,13,Restaurant,Other,97742042,FALSE,12
43554276,2025-02-03,15,Restaurant,Other,3572411,FALSE,6
41752269,2024-09-28,18,Restaurant,Other,77693867,FALSE,17
13030088,2024-12-28,9,Restaurant,Other,7166053,FALSE,5
61785647,2024-09-30,21,ODC,Other,45154141,FALSE,3
23486007,2025-01-29,18,Restaurant,Other,35676508,FALSE,9
70745768,2024-07-22,12,Restaurant,Other,30105640,FALSE,15
73308116,2025-01-16,21,Restaurant,Other,40535312,FALSE,9
82670245,2024-12-01,19,Restaurant,Other,5121142,FALSE,9
323368,2024-06-23,11,Restaurant,Other,57322270,FALSE,2
63751540,2025-02-16,18,Restaurant,Other,3051591,FALSE,5
3320511,2025-01-17,19,Restaurant,Other,25081491,FALSE,7
2079563,2024-10-22,21,ODC,Other,20870538,FALSE,3
11999645,2024-10-17,13,Restaurant,Other,47417948,FALSE,9
654673,2024-07-15,21,Restaurant,Other,30601414,FALSE,7
32668757,2024-12-01,18,Restaurant,Other,67361667,FALSE,11
13226431,2025-01-11,12,Restaurant,Other,25057065,FALSE,11
13804624,2025-02-20,13,Restaurant,Brand A,93843341,FALSE,14
41010367,2024-08-08,17,Restaurant,Other,22517463,FALSE,5
80990835,2024-08-07,13,Restaurant,Other,5256000,FALSE,9
12925910,2024-12-19,19,Restaurant,Other,60890503,FALSE,10
12917238,2024-12-19,10,Restaurant,Other,67561802,FALSE,1
30099873,2024-06-08,10,Restaurant,Other,42514663,FALSE,5
91390313,2024-09-02,12,Restaurant,Other,949796,FALSE,14
22117287,2024-10-25,19,Restaurant,Other,9563440,FALSE,4
40231248,2024-06-16,21,Restaurant,Other,25251940,FALSE,11
24113421,2025-03-12,13,Restaurant,Other,9423332,FALSE,6
1559615,2024-09-14,19,Restaurant,Other,907932,FALSE,9
3564937,2025-02-04,12,Restaurant,Other,47039699,FALSE,11
83492299,2025-01-30,12,Restaurant,Other,49245934,FALSE,9
53268882,2025-01-13,21,Restaurant,Other,3707428,FALSE,9
63172831,2025-01-07,10,Restaurant,Other,20931405,FALSE,5
72135261,2024-10-26,22,Restaurant,Other,21386495,FALSE,6
32769831,2024-12-08,16,Restaurant,Other,7917414,FALSE,12
34265171,2025-03-22,12,Restaurant,Other,38745278,FALSE,9
94699048,2025-04-18,16,Restaurant,Other,62918231,FALSE,17
62910893,2024-12-18,18,Restaurant,Other,20063767,FALSE,9
12957425,2024-12-22,11,Restaurant,Other,37914312,FALSE,11
63610651,2025-02-07,18,Restaurant,Other,39656540,FALSE,2
71931842,2024-10-12,11,Restaurant,Other,2070046,FALSE,2
71356713,2024-08-31,11,Restaurant,Other,9014159,FALSE,7
64069485,2025-03-09,14,Restaurant,Other,56871529,FALSE,9
64373495,2025-03-29,11,Restaurant,Other,3862717,FALSE,6
40052909,2024-06-04,18,Restaurant,Other,43517857,FALSE,6
54806830,2025-04-25,14,Restaurant,Other,64617771,FALSE,6
4411495,2025-03-31,12,Restaurant,Other,8434605,FALSE,1
10383398,2024-06-27,13,Restaurant,Other,52422267,FALSE,2
11067648,2024-08-11,17,Restaurant,Other,23230628,FALSE,9
70141200,2024-06-10,19,Restaurant,Other,319594,TRUE,8
91687001,2024-09-23,19,Restaurant,Other,3993789,FALSE,7
62623317,2024-11-28,20,Restaurant,Other,4972890,FALSE,13
62719802,2024-12-05,13,Restaurant,Other,2464436,FALSE,18
70980666,2024-08-06,18,Restaurant,Other,7070961,FALSE,6
93190715,2025-01-08,15,ODC,Other,7929065,FALSE,6
10890209,2024-08-01,12,Restaurant,Other,58052248,FALSE,5
90639323,2024-07-14,19,Restaurant,Other,92722559,FALSE,5
81191536,2024-08-19,12,Restaurant,Other,63078825,FALSE,9
13829802,2025-02-22,8,Restaurant,Other,9256311,FALSE,9
60052124,2024-06-04,17,Restaurant,Other,2078608,FALSE,3
33466290,2025-01-27,20,Restaurant,Brand A,89672400,FALSE,9
33588933,2025-02-06,11,Restaurant,Other,3562790,FALSE,7
31757135,2024-09-29,8,Restaurant,Other,22893577,FALSE,11
90172855,2024-06-13,12,Restaurant,Other,4102200,FALSE,5
81539673,2024-09-13,13,Restaurant,Other,2721371,FALSE,11
72485928,2024-11-19,17,ODC,Other,1653512,FALSE,7
30712917,2024-07-20,13,Restaurant,Other,28660389,FALSE,11
44871956,2025-04-29,12,Restaurant,Other,4594926,FALSE,13
54248768,2025-03-21,12,Restaurant,Other,90757407,FALSE,9
70838873,2024-07-28,18,Restaurant,Other,99179634,FALSE,6
54045131,2025-03-08,8,Restaurant,Other,5658814,FALSE,5
93701428,2025-02-13,18,Restaurant,Other,741863,FALSE,6
3954009,2025-03-02,8,Restaurant,Brand A,49634638,FALSE,11
73999919,2025-03-04,22,Restaurant,Other,21405892,FALSE,2
41528586,2024-09-12,16,Restaurant,Other,28664322,FALSE,9
81612101,2024-09-18,17,Restaurant,Other,95610732,FALSE,9
14287394,2025-03-23,14,Restaurant,Other,23065489,FALSE,13
4060267,2025-03-08,20,Restaurant,Other,4218382,FALSE,1
20595747,2024-07-12,11,Restaurant,Other,22139330,FALSE,5
81700202,2024-09-24,19,Restaurant,Other,36666667,FALSE,2
12190391,2024-10-30,21,Restaurant,Other,30984192,FALSE,5
53920897,2025-02-28,9,Restaurant,Other,81395127,FALSE,4
13097862,2025-01-01,20,Restaurant,Other,30323904,FALSE,7
4709076,2025-04-19,9,Restaurant,Other,5327517,FALSE,11
50401661,2024-06-28,18,ODC,Other,79446273,FALSE,7
1326000,2024-08-28,23,Restaurant,Other,28552414,FALSE,7
64737261,2025-04-20,19,Restaurant,Other,1656981,FALSE,5
92842363,2024-12-13,18,Restaurant,Other,86786833,FALSE,6
22068243,2024-10-22,8,Restaurant,Other,9968569,FALSE,9
64074407,2025-03-09,18,Restaurant,Other,4900453,FALSE,3
83447089,2025-01-26,15,Restaurant,Other,2217859,FALSE,1
33479988,2025-01-29,11,Restaurant,Other,6495049,FALSE,1
34100469,2025-03-11,14,Restaurant,Other,24909408,FALSE,9
94378933,2025-03-29,15,ODC,Other,90728055,FALSE,12
13499984,2025-01-30,19,ODC,Other,72623575,FALSE,5
53865005,2025-02-23,22,Restaurant,Other,81209098,FALSE,7
80102850,2024-06-08,12,Restaurant,Other,5707258,FALSE,2
82918444,2024-12-19,12,Restaurant,Other,34141252,FALSE,2
83116602,2025-01-03,12,Restaurant,Other,3605781,FALSE,9
73671083,2025-02-11,15,Restaurant,Other,6921848,FALSE,9
40813486,2024-07-27,11,Restaurant,Other,9287070,FALSE,3
90236992,2024-06-17,13,Restaurant,Other,4668658,FALSE,10
83656917,2025-02-10,13,Restaurant,Other,8424472,FALSE,6
50837520,2024-07-28,17,Restaurant,Other,29249069,FALSE,19
34763621,2025-04-22,16,Restaurant,Other,9363972,FALSE,9
22730478,2024-12-06,11,Restaurant,Other,6092717,FALSE,5
23116860,2025-01-03,13,Restaurant,Other,81536366,FALSE,5
2247558,2024-11-03,18,Restaurant,Other,32264388,FALSE,9
30306567,2024-06-22,11,Restaurant,Other,9730184,FALSE,5
43623397,2025-02-08,14,Restaurant,Other,8726562,FALSE,9
93373941,2025-01-21,12,Restaurant,Other,99506478,FALSE,9
61586897,2024-09-16,15,Restaurant,Other,41772719,FALSE,2
33144293,2025-01-05,11,Restaurant,Other,3290216,FALSE,20
12390234,2024-11-13,13,Restaurant,Other,7977109,FALSE,9
82499096,2024-11-20,17,Restaurant,Other,2478190,FALSE,1
